/Q2 (VDDL=0.4) X,/Q2 (VDDL=0.4) Y,/Q2 (VDDL=0.425) X,/Q2 (VDDL=0.425) Y,/Q2 (VDDL=0.45) X,/Q2 (VDDL=0.45) Y,/Q2 (VDDL=0.475) X,/Q2 (VDDL=0.475) Y,/Q2 (VDDL=0.5) X,/Q2 (VDDL=0.5) Y,/Q2 (VDDL=0.525) X,/Q2 (VDDL=0.525) Y,/Q2 (VDDL=0.55) X,/Q2 (VDDL=0.55) Y,/Q2 (VDDL=0.575) X,/Q2 (VDDL=0.575) Y,/Q2 (VDDL=0.6) X,/Q2 (VDDL=0.6) Y,/Q2 (VDDL=0.625) X,/Q2 (VDDL=0.625) Y,/Q2 (VDDL=0.65) X,/Q2 (VDDL=0.65) Y,/Q2 (VDDL=0.675) X,/Q2 (VDDL=0.675) Y,/Q2 (VDDL=0.7) X,/Q2 (VDDL=0.7) Y,/Q2 (VDDL=0.725) X,/Q2 (VDDL=0.725) Y,/Q2 (VDDL=0.75) X,/Q2 (VDDL=0.75) Y,/Q2 (VDDL=0.775) X,/Q2 (VDDL=0.775) Y,/Q2 (VDDL=0.8) X,/Q2 (VDDL=0.8) Y,/Q2 (VDDL=0.825) X,/Q2 (VDDL=0.825) Y,/Q2 (VDDL=0.85) X,/Q2 (VDDL=0.85) Y,/Q2 (VDDL=0.875) X,/Q2 (VDDL=0.875) Y,/Q2 (VDDL=0.9) X,/Q2 (VDDL=0.9) Y
0,0.8999903579378111,0,0.8999905296692452,0,0.8999906852748852,0,0.8999908260043483,0,0.8999909530330501,0,0.8999910674656666,0,0.899991170339395,0,0.899991262627084,0,0.8999913454212821,0,0.8999914190325364,0,0.8999914848024371,0,0.8999915432978712,0,0.8999915952211244,0,0.8999916412374368,0,0.8999916819923891,0,0.8999917181565825,0,0.8999917505667593,0,0.8999917807337824,0,0.8999918123922003,0,0.8999918526845112,0,0.8999919074235362
0.018,0.8999850919812331,0.018,0.899985270180104,0.018,0.8999854316458213,0.018,0.8999855776750741,0.018,0.8999857094875537,0.018,0.8999858282295473,0.018,0.8999859349773204,0.018,0.8999860307403657,0.018,0.8999861164646007,0.018,0.8999861930356221,0.018,0.8999862612822001,0.018,0.8999863219803588,0.018,0.8999863758588371,0.018,0.8999864236079353,0.018,0.8999864658975592,0.018,0.8999865034235934,0.018,0.8999865370543787,0.018,0.8999865683579745,0.018,0.8999866012103853,0.018,0.8999866430237174,0.018,0.899986699664617
0.036,0.8999764212523822,0.036,0.8999766067300271,0.036,0.8999767747909305,0.036,0.8999769267847642,0.036,0.8999770639810558,0.036,0.8999771875729283,0.036,0.8999772986806215,0.036,0.8999773983548736,0.036,0.8999774875802492,0.036,0.8999775672785277,0.036,0.8999776383123396,0.036,0.899977701489415,0.036,0.8999777575682681,0.036,0.8999778072674076,0.036,0.8999778512841232,0.036,0.8999778903427738,0.036,0.8999779253473172,0.036,0.8999779579303737,0.036,0.8999779921276658,0.036,0.8999780356551247,0.036,0.8999780946174853
0.05400000000000001,0.8999621035637304,0.05400000000000001,0.8999622972700648,0.05400000000000001,0.899962472786796,0.05400000000000001,0.8999626315235042,0.05400000000000001,0.8999627748060671,0.05400000000000001,0.8999629038805645,0.05400000000000001,0.8999630199169574,0.05400000000000001,0.8999631240126189,0.05400000000000001,0.8999632171958111,0.05400000000000001,0.8999633004292232,0.05400000000000001,0.8999633746137706,0.05400000000000001,0.8999634405930327,0.05400000000000001,0.8999634991591899,0.05400000000000001,0.8999635510626487,0.05400000000000001,0.8999635970316699,0.05400000000000001,0.8999636378228346,0.05400000000000001,0.8999636743804619,0.05400000000000001,0.8999637084104868,0.05400000000000001,0.8999637441300933,0.05400000000000001,0.8999637895993727,0.05400000000000001,0.8999638511912472
0.07200000000000001,0.899938406070296,0.07200000000000001,0.8999386091257341,0.07200000000000001,0.8999387931133664,0.07200000000000001,0.8999389595108584,0.07200000000000001,0.8999391097081267,0.07200000000000001,0.8999392450114345,0.07200000000000001,0.8999393666472472,0.07200000000000001,0.8999394757659354,0.07200000000000001,0.8999395734454189,0.07200000000000001,0.8999396606948776,0.07200000000000001,0.8999397384587338,0.07200000000000001,0.8999398076213059,0.07200000000000001,0.8999398690130352,0.07200000000000001,0.8999399234205819,0.07200000000000001,0.8999399716074197,0.07200000000000001,0.8999400143667942,0.07200000000000001,0.8999400526890491,0.07200000000000001,0.8999400883639934,0.07200000000000001,0.8999401258165532,0.07200000000000001,0.8999401734990368,0.07200000000000001,0.8999402380873893
0.09000000000000001,0.8998991117750249,0.09000000000000001,0.8998993255119804,0.09000000000000001,0.899899519177578,0.09000000000000001,0.8998996943273049,0.09000000000000001,0.8998998524242739,0.09000000000000001,0.8998999948435356,0.09000000000000001,0.899900122876137,0.09000000000000001,0.8999002377330205,0.09000000000000001,0.8999003405488605,0.09000000000000001,0.8999004323859704,0.09000000000000001,0.899900514238496,0.09000000000000001,0.8999005870373171,0.09000000000000001,0.8999006516566065,0.09000000000000001,0.8999007089244683,0.09000000000000001,0.8999007596446491,0.09000000000000001,0.8999008046523834,0.09000000000000001,0.8999008449908941,0.09000000000000001,0.8999008825468329,0.09000000000000001,0.8999009219852453,0.09000000000000001,0.8999009722086484,0.09000000000000001,0.8999010402363157
0.108,0.8998338691611096,0.108,0.8998340951788862,0.108,0.8998342999711594,0.108,0.8998344851829487,0.108,0.8998346523615761,0.108,0.899834802961226,0.108,0.8998349383472392,0.108,0.8998350598002373,0.108,0.8998351685201809,0.108,0.8998352656305033,0.108,0.8998353521825477,0.108,0.8998354291607547,0.108,0.8998354974896071,0.108,0.8998355580449008,0.108,0.8998356116767592,0.108,0.8998356592688669,0.108,0.8998357019257678,0.108,0.8998357416472591,0.108,0.899835783379365,0.108,0.8998358365458964,0.108,0.8998359085559781
0.126,0.8997254609102584,0.126,0.8997257011492378,0.126,0.8997259188256163,0.126,0.8997261156881972,0.126,0.8997262933819108,0.126,0.8997264534526633,0.126,0.8997265973519034,0.126,0.8997267264410086,0.126,0.8997268419956014,0.126,0.899726945209947,0.126,0.899727037201674,0.126,0.8997271190172969,0.126,0.8997271916396131,0.126,0.8997272559997201,0.126,0.899727313001578,0.126,0.8997273635852886,0.126,0.8997274089273442,0.126,0.8997274511617896,0.126,0.8997274955687747,0.126,0.8997275521822318,0.126,0.8997276288546796
0.144,0.8995453051174739,0.144,0.8995455619621557,0.144,0.8995457946818827,0.144,0.8995460051468307,0.144,0.8995461951160726,0.144,0.8995463662427661,0.144,0.8995465200790407,0.144,0.8995466580806902,0.144,0.8995467816117945,0.144,0.8995468919494243,0.144,0.8995469902886994,0.144,0.8995470777487056,0.144,0.8995471553804318,0.144,0.8995472241796841,0.144,0.899547285113524,0.144,0.8995473391884924,0.144,0.8995473876667897,0.144,0.8995474328450462,0.144,0.8995474804092902,0.144,0.8995475411172033,0.144,0.8995476233265149
0.162,0.8992460798113601,0.162,0.8992463562384915,0.162,0.8992466066963405,0.162,0.8992468331985484,0.162,0.8992470376390935,0.162,0.8992472217978813,0.162,0.8992473873460114,0.162,0.8992475358508363,0.162,0.8992476687809423,0.162,0.8992477875112266,0.162,0.8992478933283541,0.162,0.8992479874371524,0.162,0.8992480709692056,0.162,0.8992481449968694,0.162,0.8992482105620517,0.162,0.8992482687506689,0.162,0.8992483209290955,0.162,0.8992483695963625,0.162,0.899248420945663,0.162,0.8992484866078592,0.162,0.8992485755195672
0.18,0.8987496680155986,0.18,0.8987499678164319,0.18,0.8987502394431517,0.18,0.898750485081245,0.18,0.8987507067862571,0.18,0.8987509064898678,0.18,0.8987510860056159,0.18,0.8987512470344,0.18,0.8987513911698963,0.18,0.8987515199040846,0.18,0.8987516346331943,0.18,0.8987517366646872,0.18,0.8987518272266705,0.18,0.8987519074833148,0.18,0.8987519785666609,0.18,0.8987520416592708,0.18,0.8987520982576448,0.18,0.898752151122286,0.18,0.8987522071041048,0.18,0.898752278909757,0.18,0.8987523761535043
0.1980000000000001,0.897927411378486,0.1980000000000001,0.8979277395100705,0.1980000000000001,0.89792803678889,0.1980000000000001,0.8979283056098191,0.1980000000000001,0.8979285482252211,0.1980000000000001,0.8979287667516218,0.1980000000000001,0.8979289631759985,0.1980000000000001,0.8979291393618253,0.1980000000000001,0.8979292970550321,0.1980000000000001,0.8979294378900882,0.1980000000000001,0.8979295633965617,0.1980000000000001,0.8979296750068488,0.1980000000000001,0.8979297740666488,0.1980000000000001,0.8979298618522426,0.1980000000000001,0.8979299396064163,0.1980000000000001,0.8979300086324885,0.1980000000000001,0.897930070595755,0.1980000000000001,0.8979301286117249,0.1980000000000001,0.8979301904261808,0.1980000000000001,0.8979302701044807,0.1980000000000001,0.897930378111784
0.2160000000000001,0.8965673251529502,0.2160000000000001,0.8965676883289395,0.2160000000000001,0.8965680173273688,0.2160000000000001,0.896568314804127,0.2160000000000001,0.8965685832568409,0.2160000000000001,0.8965688250323033,0.2160000000000001,0.8965690423334772,0.2160000000000001,0.8965692372262336,0.2160000000000001,0.8965694116459991,0.2160000000000001,0.8965695674045563,0.2160000000000001,0.8965697061973998,0.2160000000000001,0.8965698296124548,0.2160000000000001,0.8965699391419977,0.2160000000000001,0.8965700362025556,0.2160000000000001,0.896570122176807,0.2160000000000001,0.896570198524574,0.2160000000000001,0.8965702671420789,0.2160000000000001,0.8965703316599914,0.2160000000000001,0.8965704011173439,0.2160000000000001,0.8965704913404311,0.2160000000000001,0.8965706140747248
0.2340000000000001,0.8943177693504156,0.2340000000000001,0.8943181771114369,0.2340000000000001,0.8943185464439065,0.2340000000000001,0.8943188803395107,0.2340000000000001,0.8943191816112571,0.2340000000000001,0.8943194529018942,0.2340000000000001,0.8943196966918562,0.2340000000000001,0.8943199153069151,0.2340000000000001,0.8943201109257446,0.2340000000000001,0.8943202855876833,0.2340000000000001,0.8943204412011792,0.2340000000000001,0.8943205795538975,0.2340000000000001,0.8943207023267552,0.2340000000000001,0.8943208111178121,0.2340000000000001,0.8943209074936549,0.2340000000000001,0.8943209931281875,0.2340000000000001,0.8943210702588106,0.2340000000000001,0.8943211433336324,0.2340000000000001,0.8943212234031457,0.2340000000000001,0.894321328615484,0.2340000000000001,0.8943214733588045
0.2520000000000001,0.8905839381271798,0.2520000000000001,0.8905844049690064,0.2520000000000001,0.8905848277093749,0.2520000000000001,0.8905852097920181,0.2520000000000001,0.8905855544542197,0.2520000000000001,0.8905858647366047,0.2520000000000001,0.8905861434923927,0.2520000000000001,0.8905863933963283,0.2520000000000001,0.8905866169535382,0.2520000000000001,0.8905868165086737,0.2520000000000001,0.8905869942559567,0.2520000000000001,0.8905871522514148,0.2520000000000001,0.8905872924303221,0.2520000000000001,0.8905874166378984,0.2520000000000001,0.8905875266976701,0.2520000000000001,0.8905876246020883,0.2520000000000001,0.8905877131541693,0.2520000000000001,0.8905877982673972,0.2520000000000001,0.8905878943989167,0.2520000000000001,0.8905880226900589,0.2520000000000001,0.8905882051396184
0.2700000000000001,0.8843147533457788,0.2700000000000001,0.8843153035179342,0.2700000000000001,0.8843158015087647,0.2700000000000001,0.8843162514136473,0.2700000000000001,0.8843166570809139,0.2700000000000001,0.8843170221236956,0.2700000000000001,0.8843173499311494,0.2700000000000001,0.8843176436793342,0.2700000000000001,0.8843179063420636,0.2700000000000001,0.8843181407022285,0.2700000000000001,0.8843183493644794,0.2700000000000001,0.8843185347711719,0.2700000000000001,0.8843186992261908,0.2700000000000001,0.8843188449393491,0.2700000000000001,0.8843189741311193,0.2700000000000001,0.8843190893400965,0.2700000000000001,0.8843191944941899,0.2700000000000001,0.8843192986222655,0.2700000000000001,0.8843194224606237,0.2700000000000001,0.8843195903383256,0.2700000000000001,0.884319852317053
0.2880000000000001,0.873479644908719,0.2880000000000001,0.8734803254520971,0.2880000000000001,0.873480941004588,0.2880000000000001,0.8734814967116261,0.2880000000000001,0.8734819974049768,0.2880000000000001,0.8734824476180783,0.2880000000000001,0.8734828516006579,0.2880000000000001,0.8734832133329991,0.2880000000000001,0.8734835365403611,0.2880000000000001,0.8734838247083633,0.2880000000000001,0.8734840811009092,0.2880000000000001,0.8734843087842029,0.2880000000000001,0.8734845106659374,0.2880000000000001,0.8734846895759925,0.2880000000000001,0.8734848484759544,0.2880000000000001,0.8734849911265036,0.2880000000000001,0.8734851244971195,0.2880000000000001,0.8734852659866867,0.2880000000000001,0.8734854480487532,0.2880000000000001,0.873485694878009,0.2880000000000001,0.8734861855783582
0.3060000000000002,0.8531947172969435,0.3060000000000002,0.8531956508717866,0.3060000000000002,0.853196494132431,0.3060000000000002,0.8531972543482668,0.3060000000000002,0.8531979383369741,0.3060000000000002,0.8531985524875719,0.3060000000000002,0.8531991027826437,0.3060000000000002,0.8531995948204731,0.3060000000000002,0.853200033838212,0.3060000000000002,0.8532004247381769,0.3060000000000002,0.8532007721218655,0.3060000000000002,0.8532010803431426,0.3060000000000002,0.8532013536130685,0.3060000000000002,0.8532015962614854,0.3060000000000002,0.8532018135438031,0.3060000000000002,0.853202014523445,0.3060000000000002,0.853202221366582,0.3060000000000002,0.8532024797948844,0.3060000000000002,0.8532028317384162,0.3060000000000002,0.8532034586407707,0.3060000000000002,0.8532049432723383
0.3240000000000002,0.8066964227111768,0.3240000000000002,0.8066980536932323,0.3240000000000002,0.8066995222356699,0.3240000000000002,0.8067008419172899,0.3240000000000002,0.8067020254405279,0.3240000000000002,0.8067030846824748,0.3240000000000002,0.8067040307469308,0.3240000000000002,0.8067048740216858,0.3240000000000002,0.8067056242498488,0.3240000000000002,0.8067062906367543,0.3240000000000002,0.8067068820521023,0.3240000000000002,0.8067074075165869,0.3240000000000002,0.8067078776595719,0.3240000000000002,0.8067083098586304,0.3240000000000002,0.8067087456359918,0.3240000000000002,0.8067092771979208,0.3240000000000002,0.8067100032531762,0.3240000000000002,0.8067111941920504,0.3240000000000002,0.8067140233188876,0.3240000000000002,0.8067203033514594,0.3240000000000002,0.80673429614957
0.3420000000000002,0.6979151896880613,0.3420000000000002,0.6979169784822595,0.3420000000000002,0.6979185771192906,0.3420000000000002,0.6979200031226526,0.3420000000000002,0.6979212728963997,0.3420000000000002,0.6979224019091271,0.3420000000000002,0.697923405015762,0.3420000000000002,0.6979242971719408,0.3420000000000002,0.6979250954088713,0.3420000000000002,0.6979258254195568,0.3420000000000002,0.6979265459996622,0.3420000000000002,0.6979274202618726,0.3420000000000002,0.6975241523092383,0.3420000000000002,0.6975271050924415,0.3420000000000002,0.697533857612571,0.3420000000000002,0.6975486915345164,0.3420000000000002,0.6975816370127913,0.3420000000000002,0.6976546216686761,0.3420000000000002,0.6978138659958969,0.3420000000000002,0.6981532077826441,0.3420000000000002,0.6988515161892747
0.3600000000000002,0.5599029041962716,0.3600000000000002,0.5599040818364337,0.3600000000000002,0.5599051391778609,0.3600000000000002,0.5599061110566925,0.3600000000000002,0.559907079677935,0.3600000000000002,0.5599082451805562,0.3600000000000002,0.5599098615062852,0.3600000000000002,0.5599122776521654,0.3600000000000002,0.5599179919359529,0.3600000000000002,0.5599304933058461,0.3600000000000002,0.5599578301018776,0.3600000000000002,0.560017074760414,0.3600000000000002,0.5601519512923653,0.3600000000000002,0.5604399248986189,0.3600000000000002,0.5610358039754393,0.3600000000000002,0.5622125130860413,0.3600000000000002,0.5643843515174576,0.3600000000000002,0.5680502522556815,0.3600000000000002,0.5736336255369633,0.3600000000000002,0.5813210832808193,0.3600000000000002,0.5910328647362918
0.3780000000000002,0.415812606718147,0.3780000000000002,0.4158153553508873,0.3780000000000002,0.4158214393285478,0.3780000000000002,0.4158347843908817,0.3780000000000002,0.4158636121847969,0.3780000000000002,0.4159265408203588,0.3780000000000002,0.4160628810902554,0.3780000000000002,0.4163524494027718,0.3780000000000002,0.4169487094915311,0.3780000000000002,0.4181198920241155,0.3780000000000002,0.420275311547865,0.3780000000000002,0.4239034529563002,0.3780000000000002,0.4294237476025852,0.3780000000000002,0.4370222626593764,0.3780000000000002,0.4466547881177971,0.3780000000000002,0.4580728631711568,0.3780000000000002,0.4710044696641266,0.3780000000000002,0.4851847637446824,0.3780000000000002,0.5003889899009969,0.3780000000000002,0.5164356301256026,0.3780000000000002,0.5331504784074825
0.3960000000000002,0.2744086127902561,0.3960000000000002,0.274673915155626,0.3960000000000002,0.2752190235219367,0.3960000000000002,0.2762914261357208,0.3960000000000002,0.2782726977087552,0.3960000000000002,0.2816385673691201,0.3960000000000002,0.2868196705509754,0.3960000000000002,0.2940364813183298,0.3960000000000002,0.3032976574515969,0.3960000000000002,0.3143634422447784,0.3960000000000002,0.3269770806136266,0.3960000000000002,0.3408738790839558,0.3960000000000002,0.3558252147341076,0.3960000000000002,0.3716447214653959,0.3960000000000002,0.3881843086257145,0.3960000000000002,0.4053100934052002,0.3960000000000002,0.4229730168529555,0.3960000000000002,0.4410677498146545,0.3960000000000002,0.4595380379454778,0.3960000000000002,0.4783371576262496,0.3960000000000002,0.4974262886168866
0.4140000000000003,0.1555271754548589,0.4140000000000003,0.1607969570657593,0.4140000000000003,0.1680972110852817,0.4140000000000003,0.1774056809632759,0.4140000000000003,0.1885224449680123,0.4140000000000003,0.2011793430032316,0.4140000000000003,0.2151121500270471,0.4140000000000003,0.2300921881863628,0.4140000000000003,0.2459331414763397,0.4140000000000003,0.2624870229137934,0.4140000000000003,0.2796296469403208,0.4140000000000003,0.2972878965459529,0.4140000000000003,0.3153747608957073,0.4140000000000003,0.3338327352887105,0.4140000000000003,0.3526147837889143,0.4140000000000003,0.3716822195571468,0.4140000000000003,0.3910029842854447,0.4140000000000003,0.4105503011002004,0.4140000000000003,0.4303016094330192,0.4140000000000003,0.4502377452023716,0.4140000000000003,0.4702978528398536
0.4320000000000003,0.09275503998444889,0.4320000000000003,0.1027949622199326,0.4320000000000003,0.1147986655925437,0.4320000000000003,0.1284482504187003,0.4320000000000003,0.1434028348603665,0.4320000000000003,0.1593698782684942,0.4320000000000003,0.1761253122438187,0.4320000000000003,0.1935126101260443,0.4320000000000003,0.2114118357452906,0.4320000000000003,0.2297370486630273,0.4320000000000003,0.2484230598407412,0.4320000000000003,0.2674192814297073,0.4320000000000003,0.2866856619754921,0.4320000000000003,0.3061899362516675,0.4320000000000003,0.3259057192321909,0.4320000000000003,0.3458111489550191,0.4320000000000003,0.3658878986241986,0.4320000000000003,0.3860976770111553,0.4320000000000003,0.4064772040490661,0.4320000000000003,0.4269868132901215,0.4320000000000003,0.4476169067384061
0.4500000000000003,0.06416175288662801,0.4500000000000003,0.07431070127634881,0.4500000000000003,0.08637762623968943,0.4500000000000003,0.1001938240977489,0.4500000000000003,0.1155055142007951,0.4500000000000003,0.1320053534540405,0.4500000000000003,0.1493984790373886,0.4500000000000003,0.1674542553377432,0.4500000000000003,0.1860128129006256,0.4500000000000003,0.2049669031689806,0.4500000000000003,0.2242430205058548,0.4500000000000003,0.2437887180181636,0.4500000000000003,0.2635650478953259,0.4500000000000003,0.2835420946069209,0.4500000000000003,0.3036962461465426,0.4500000000000003,0.3239978672419166,0.4500000000000003,0.344454307925133,0.4500000000000003,0.3650397692549956,0.4500000000000003,0.3857432052630789,0.4500000000000003,0.4065552958802073,0.4500000000000003,0.4274687100720168
0.4680000000000003,0.04810883983819007,0.4680000000000003,0.05760650439313345,0.4680000000000003,0.06884772219726761,0.4680000000000003,0.08175941683523655,0.4680000000000003,0.09622832210883217,0.4680000000000003,0.1120834627547366,0.4680000000000003,0.129090229395967,0.4680000000000003,0.1469628318052961,0.4680000000000003,0.1655237693034417,0.4680000000000003,0.184571115447569,0.4680000000000003,0.2039909862468409,0.4680000000000003,0.2237069054121146,0.4680000000000003,0.2436659060565772,0.4680000000000003,0.2638298005971256,0.4680000000000003,0.2841748548641655,0.4680000000000003,0.3046686055781125,0.4680000000000003,0.3252964776189015,0.4680000000000003,0.3460503685412995,0.4680000000000003,0.3669152931096852,0.4680000000000003,0.3878815260004941,0.4680000000000003,0.408940787135797
0.4860000000000003,0.03781206836761562,0.4860000000000003,0.04659520518588906,0.4860000000000003,0.05696000575666264,0.4860000000000003,0.06886352812137368,0.4860000000000003,0.0822497971189123,0.4860000000000003,0.09704137117378872,0.4860000000000003,0.1131185340299069,0.4860000000000003,0.1303032584794126,0.4860000000000003,0.1483750387993593,0.4860000000000003,0.1671188834631425,0.4860000000000003,0.1863642368831997,0.4860000000000003,0.2059883620616277,0.4860000000000003,0.2259095420693031,0.4860000000000003,0.2460707518835137,0.4860000000000003,0.2664313221635894,0.4860000000000003,0.2869612128795683,0.4860000000000003,0.3076376769475068,0.4860000000000003,0.3284428524967981,0.4860000000000003,0.3493625206138328,0.4860000000000003,0.3703851179305794,0.4860000000000003,0.39150111285905
0.5040000000000003,0.03083623703674769,0.5040000000000003,0.03894161985600994,0.5040000000000003,0.0484959528831388,0.5040000000000003,0.05946633214528151,0.5040000000000003,0.07181507568607665,0.5040000000000003,0.0855001548334155,0.5040000000000003,0.1004659723531534,0.5040000000000003,0.1166264293154296,0.5040000000000003,0.1338443363209186,0.5040000000000003,0.1519397830375762,0.5040000000000003,0.1707204668856294,0.5040000000000003,0.1900207333168522,0.5040000000000003,0.2097163615661666,0.5040000000000003,0.2297197334022498,0.5040000000000003,0.2499694422402242,0.5040000000000003,0.2704215891285872,0.5040000000000003,0.2910438216092802,0.5040000000000003,0.3118117762626807,0.5040000000000003,0.3327065716319421,0.5040000000000003,0.3537132778813257,0.5040000000000003,0.3748198675702924
0.5220000000000004,0.02589261439445702,0.5220000000000004,0.03338102854873438,0.5220000000000004,0.04220854542097155,0.5220000000000004,0.05234689364512751,0.5220000000000004,0.06376513310389151,0.5220000000000004,0.0764333870831054,0.5220000000000004,0.09032102627927735,0.5220000000000004,0.1053860052589358,0.5220000000000004,0.1215636084294292,0.5220000000000004,0.1387487994549853,0.5220000000000004,0.1567946386694859,0.5220000000000004,0.1755331410649764,0.5220000000000004,0.1948088401461862,0.5220000000000004,0.2144981019954048,0.5220000000000004,0.2345099392282826,0.5220000000000004,0.2547789767191693,0.5220000000000004,0.2752579166198701,0.5220000000000004,0.2959118787550107,0.5220000000000004,0.3167145617238882,0.5220000000000004,0.3376456979739768,0.5220000000000004,0.3586893550880897
0.5400000000000004,0.02229299182839699,0.5400000000000004,0.02922801993730762,0.5400000000000004,0.03740921459433615,0.5400000000000004,0.04681091076463084,0.5400000000000004,0.05740491766913869,0.5400000000000004,0.06916546247208621,0.5400000000000004,0.08207010205919832,0.5400000000000004,0.09609504890690557,0.5400000000000004,0.1112099391632386,0.5400000000000004,0.12736614487206,0.5400000000000004,0.1444813512952567,0.5400000000000004,0.1624360115882434,0.5400000000000004,0.1810858383143008,0.5400000000000004,0.2002882067171299,0.5400000000000004,0.2199225317882793,0.5400000000000004,0.2398959760869051,0.5400000000000004,0.2601398475881845,0.5400000000000004,0.2806036341822618,0.5400000000000004,0.3012498101712546,0.5400000000000004,0.3220500272670331,0.5400000000000004,0.3429824719464603
0.5580000000000004,0.01960576745527344,0.5580000000000004,0.0260482358495073,0.5580000000000004,0.03365685660860272,0.5580000000000004,0.0424077015290352,0.5580000000000004,0.05227380797116828,0.5580000000000004,0.06323084209337852,0.5580000000000004,0.07525785733477733,0.5580000000000004,0.08833772052061611,0.5580000000000004,0.1024543681481329,0.5580000000000004,0.1175851384021712,0.5580000000000004,0.1336929885925092,0.5580000000000004,0.150714491494476,0.5580000000000004,0.1685531063700786,0.5580000000000004,0.1870860597593181,0.5580000000000004,0.206184303141021,0.5580000000000004,0.2257321324444609,0.5580000000000004,0.2456362004901859,0.5580000000000004,0.2658251921279979,0.5580000000000004,0.2862456452951563,0.5580000000000004,0.3068574348815705,0.5580000000000004,0.3276301166809307
0.5760000000000004,0.01754954863334172,0.5760000000000004,0.02355538112609743,0.5760000000000004,0.03065758749165325,0.5760000000000004,0.03883355692853452,0.5760000000000004,0.04805694112511336,0.5760000000000004,0.05830341431330802,0.5760000000000004,0.06955230415240242,0.5760000000000004,0.08178778186795102,0.5760000000000004,0.094997880919022,0.5760000000000004,0.1091708977443184,0.5760000000000004,0.1242912765586056,0.5760000000000004,0.1403318689156727,0.5760000000000004,0.1572442637260345,0.5760000000000004,0.1749513770920202,0.5760000000000004,0.1933497545105431,0.5760000000000004,0.2123239152320786,0.5760000000000004,0.2317641772292412,0.5760000000000004,0.2515777899970769,0.5760000000000004,0.2716914874474287,0.5760000000000004,0.2920491669708555,0.5760000000000004,0.3126082039758186
0.5940000000000004,0.01593713371299929,0.5940000000000004,0.02155663638178651,0.5940000000000004,0.02821109364638802,0.5940000000000004,0.03587898469095211,0.5940000000000004,0.04453444270255423,0.5940000000000004,0.05415243537436858,0.5940000000000004,0.06471183829601844,0.5940000000000004,0.07619673394885006,0.5940000000000004,0.08859514117715414,0.5940000000000004,0.1018987856474525,0.5940000000000004,0.11610051494587,0.5940000000000004,0.1311904426319505,0.5940000000000004,0.1471498104722145,0.5940000000000004,0.1639427468731222,0.5940000000000004,0.181508672105045,0.5940000000000004,0.1997613102558752,0.5940000000000004,0.2185982829941938,0.5940000000000004,0.2379166308025379,0.5940000000000004,0.2576251037056646,0.5940000000000004,0.2776491173986366,0.5940000000000004,0.297930259297799
0.6120000000000004,0.01464265627683189,0.6120000000000004,0.01992046642357446,0.6120000000000004,0.02617880102549397,0.6120000000000004,0.03339708821957786,0.6120000000000004,0.04154970556182705,0.6120000000000004,0.0506112445619563,0.6120000000000004,0.06055966935487174,0.6120000000000004,0.07137774343520137,0.6120000000000004,0.08305272812898253,0.6120000000000004,0.09557641232286168,0.6120000000000004,0.1089439719541612,0.6120000000000004,0.1231520891689144,0.6120000000000004,0.138195813212467,0.6120000000000004,0.154063571643758,0.6120000000000004,0.1707301002320906,0.6120000000000004,0.1881488940354988,0.6120000000000004,0.2062488740939431,0.6120000000000004,0.2249400630078076,0.6120000000000004,0.2441266166161532,0.6120000000000004,0.2637195218004232,0.6120000000000004,0.2836434666710581
0.6300000000000004,0.01358078294613457,0.6300000000000004,0.01855615382670036,0.6300000000000004,0.02446356397617093,0.6300000000000004,0.03128328979475279,0.6300000000000004,0.03898993331378828,0.6300000000000004,0.047557698993791,0.6300000000000004,0.05696358794445228,0.6300000000000004,0.0671889961392772,0.6300000000000004,0.07821978342861177,0.6300000000000004,0.09004661066188881,0.6300000000000004,0.1026644033977559,0.6300000000000004,0.1160714362441882,0.6300000000000004,0.1302677994365144,0.6300000000000004,0.1452528896991303,0.6300000000000004,0.161021346897123,0.6300000000000004,0.1775569463633841,0.6300000000000004,0.1948252282845559,0.6300000000000004,0.2127685169713284,0.6300000000000004,0.2313084214842557,0.6300000000000004,0.25035638719417,0.6300000000000004,0.2698262342804505
0.6480000000000005,0.01269306338939962,0.6480000000000005,0.01740031643040469,0.6480000000000005,0.02299624238445921,0.6480000000000005,0.0294618851524631,0.6480000000000005,0.03677207278570224,0.6480000000000005,0.04490066882945847,0.6480000000000005,0.05382378506234486,0.6480000000000005,0.06352148077959414,0.6480000000000005,0.07397809632449277,0.6480000000000005,0.08518274094124537,0.6480000000000005,0.0971290693858147,0.6480000000000005,0.1098148226128316,0.6480000000000005,0.1232410511412889,0.6480000000000005,0.1374108920516114,0.6480000000000005,0.1523275861952642,0.6480000000000005,0.1679911648492907,0.6480000000000005,0.184393136733732,0.6480000000000005,0.2015093719704064,0.6480000000000005,0.2192939918866281,0.6480000000000005,0.2376793339710232,0.6480000000000005,0.2565841480489024
0.6660000000000005,0.01193889229977919,0.6660000000000005,0.01640793804743021,0.6660000000000005,0.02172673574465406,0.6660000000000005,0.02787702702912689,0.6660000000000005,0.03483387445566935,0.6660000000000005,0.04257080071566968,0.6660000000000005,0.0510633217113929,0.6660000000000005,0.06029008233647426,0.6660000000000005,0.07023401898137624,0.6660000000000005,0.08088261340575138,0.6660000000000005,0.09222791009029238,0.6660000000000005,0.1042662818414721,0.6660000000000005,0.1169980016900617,0.6660000000000005,0.1304266091814842,0.6660000000000005,0.1445579637602726,0.6660000000000005,0.1593987029527091,0.6660000000000005,0.1749535398146295,0.6660000000000005,0.1912206100864849,0.6660000000000005,0.2081846528168965,0.6660000000000005,0.2258101559938887,0.6660000000000005,0.2440393242094368
0.6840000000000005,0.0112895434999992,0.6840000000000005,0.0155464111169497,0.6840000000000005,0.02061799382191995,0.6840000000000005,0.02648666843038081,0.6840000000000005,0.03312774028962372,0.6840000000000005,0.04051454045370422,0.6840000000000005,0.04862184442239226,0.6840000000000005,0.05742727470341114,0.6840000000000005,0.06691239975453754,0.6840000000000005,0.07706314596547331,0.6840000000000005,0.08786990502493452,0.6840000000000005,0.09932741889314521,0.6840000000000005,0.1114345160943995,0.6840000000000005,0.1241937379957792,0.6840000000000005,0.1376108471331843,0.6840000000000005,0.1516941256607642,0.6840000000000005,0.1664532031349266,0.6840000000000005,0.1818968530910869,0.6840000000000005,0.1980288918689722,0.6840000000000005,0.214841676328647,0.6840000000000005,0.2323087917382075
0.7020000000000005,0.01072425436054933,0.7020000000000005,0.01479159465530587,0.7020000000000005,0.01964202212968009,0.7020000000000005,0.02525849184729512,0.7020000000000005,0.03161655740176877,0.7020000000000005,0.0386894045779026,0.7020000000000005,0.04645121068362189,0.7020000000000005,0.05487867734323573,0.7020000000000005,0.06395216049599614,0.7020000000000005,0.07365616191540468,0.7020000000000005,0.08397950482283018,0.7020000000000005,0.094915288492695,0.7020000000000005,0.1064607063362372,0.7020000000000005,0.1186167865865019,0.7020000000000005,0.131388088207947,0.7020000000000005,0.1447823466694027,0.7020000000000005,0.1588099881946889,0.7020000000000005,0.1734832667964384,0.7020000000000005,0.1888144696040912,0.7020000000000005,0.2048122793505382,0.7020000000000005,0.2214755956017673
0.7200000000000005,0.01022766476334632,0.7200000000000005,0.01412520868991393,0.7200000000000005,0.01877721437800673,0.7200000000000005,0.02416716315079939,0.7200000000000005,0.03027085884736852,0.7200000000000005,0.03706139159982816,0.7200000000000005,0.044512439310317,0.7200000000000005,0.05259990865448784,0.7200000000000005,0.06130308804810998,0.7200000000000005,0.07060520304981253,0.7200000000000005,0.08049364233160559,0.7200000000000005,0.09095995729517196,0.7200000000000005,0.1019997241867624,0.7200000000000005,0.1136123358142975,0.7200000000000005,0.1258007707275971,0.7200000000000005,0.1385713675104839,0.7200000000000005,0.1519336002590032,0.7200000000000005,0.1658997811863888,0.7200000000000005,0.180484455521981,0.7200000000000005,0.1957029419542414,0.7200000000000005,0.2115680869321361
0.7380000000000005,0.009788140476457085,0.7380000000000005,0.01353310600794577,0.7380000000000005,0.01800656024088976,0.7380000000000005,0.02319246333424556,0.7380000000000005,0.02906686814841782,0.7380000000000005,0.03560281082191974,0.7380000000000005,0.04277355622283788,0.7380000000000005,0.05055432991287232,0.7380000000000005,0.05892348863242759,0.7380000000000005,0.06786312887256171,0.7380000000000005,0.07735935251527581,0.7380000000000005,0.08740229849507176,0.7380000000000005,0.09798603110731366,0.7380000000000005,0.1091083552007966,0.7380000000000005,0.1207706112957547,0.7380000000000005,0.1329774892459769,0.7380000000000005,0.1457368841527922,0.7380000000000005,0.1590597914644452,0.7380000000000005,0.1729601723162259,0.7380000000000005,0.1874545624437507,0.7380000000000005,0.202560887485879
0.7560000000000006,0.009396668941652078,0.7560000000000006,0.01300411583165141,0.7560000000000006,0.01731642769792021,0.7560000000000006,0.02231800038105684,0.7560000000000006,0.02798513184936672,0.7560000000000006,0.03429083839996631,0.7560000000000006,0.0412080461464555,0.7560000000000006,0.04871140007971561,0.7560000000000006,0.0567784482025655,0.7560000000000006,0.06539029541070282,0.7560000000000006,0.07453190186323844,0.7560000000000006,0.08419213935090782,0.7560000000000006,0.09436369701138084,0.7560000000000006,0.1050429079639621,0.7560000000000006,0.1162295514406796,0.7560000000000006,0.1279266718069391,0.7560000000000006,0.1401404458685881,0.7560000000000006,0.1528801193411952,0.7560000000000006,0.1661580099997398,0.7560000000000006,0.1799895121258451,0.7560000000000006,0.1943928820449661
0.7740000000000006,0.009046124043441017,0.7740000000000006,0.01252925961038995,0.7740000000000006,0.01669572264260068,0.7740000000000006,0.02153030548531895,0.7740000000000006,0.02700954520113334,0.7740000000000006,0.03310646571064464,0.7740000000000006,0.03979371756527379,0.7740000000000006,0.04704545273882178,0.7740000000000006,0.05483851956261093,0.7740000000000006,0.06315315582879492,0.7740000000000006,0.07197331502522719,0.7740000000000006,0.08128674290555371,0.7740000000000006,0.09108489605396852,0.7740000000000006,0.1013627747149244,0.7740000000000006,0.1121187248603335,0.7740000000000006,0.1233542509144777,0.7740000000000006,0.1350738714149697,0.7740000000000006,0.1472850437707459,0.7740000000000006,0.1599981771614627,0.7740000000000006,0.1732267314899556,0.7740000000000006,0.1869873394475068
0.7920000000000006,0.008730768977203238,0.7920000000000006,0.01210120975045452,0.7920000000000006,0.0161352976398615,0.7920000000000006,0.0208182020232768,0.7920000000000006,0.02612664338399312,0.7920000000000006,0.03203372306563997,0.7920000000000006,0.038511853377491,0.7920000000000006,0.04553476882472167,0.7920000000000006,0.05307871366056282,0.7920000000000006,0.06112316930671608,0.7920000000000006,0.06965120480996317,0.7920000000000006,0.07864957061162242,0.7920000000000006,0.08810862743147632,0.7920000000000006,0.09802218304303362,0.7920000000000006,0.1083872920361897,0.7920000000000006,0.1192040593954351,0.7920000000000006,0.1304754789575003,0.7920000000000006,0.1422073323506593,0.7920000000000006,0.1544081711836222,0.7920000000000006,0.1670894002476775,0.7920000000000006,0.18026546004169
0.8100000000000006,0.008445913687587762,0.8100000000000006,0.01171390830585161,0.8100000000000006,0.01562752703052877,0.8100000000000006,0.02017226699592194,0.8100000000000006,0.02532507481736615,0.8100000000000006,0.03105909470299064,0.8100000000000006,0.0373465626390786,0.8100000000000006,0.04416086045286248,0.8100000000000006,0.05147771146176104,0.8100000000000006,0.05927593814309097,0.8100000000000006,0.06753783394172268,0.8100000000000006,0.07624927207589875,0.8100000000000006,0.08539964321518785,0.8100000000000006,0.09498169526747265,0.8100000000000006,0.1049913305183391,0.8100000000000006,0.1154274003873085,0.8100000000000006,0.1262915274144099,0.8100000000000006,0.1375879779566159,0.8100000000000006,0.1493236066616984,0.8100000000000006,0.1615078934166717,0.8100000000000006,0.1741530897408104
0.8280000000000006,0.008187673720890588,0.8280000000000006,0.01136229238367921,0.8280000000000006,0.01516599481441864,0.8280000000000006,0.01958457694702835,0.8280000000000006,0.02459520169382617,0.8280000000000006,0.03017106932347889,0.8280000000000006,0.03628427678403175,0.8280000000000006,0.04290790855354226,0.8280000000000006,0.05001723896584729,0.8280000000000006,0.0575905166874533,0.8280000000000006,0.06560935552540616,0.8280000000000006,0.07405885660505879,0.8280000000000006,0.08292755383045876,0.8280000000000006,0.09220725631968327,0.8280000000000006,0.1018928432921002,0.8280000000000006,0.1119820513170398,0.8280000000000006,0.1224752823563728,0.8280000000000006,0.133375453955288,0.8280000000000006,0.1446879098827456,0.8280000000000006,0.1564204094107066,0.8280000000000006,0.1685832147964241
0.8460000000000006,0.007952796595343177,0.8460000000000006,0.01104209195480437,0.8460000000000006,0.01474526043781354,0.8460000000000006,0.01904837056431067,0.8460000000000006,0.0239287912867678,0.8460000000000006,0.02935978875974719,0.8460000000000006,0.03531335190304586,0.8460000000000006,0.04176231494965087,0.8460000000000006,0.04868156531424305,0.8460000000000006,0.05604885192270594,0.8460000000000006,0.06384519304109641,0.8460000000000006,0.07205501047687582,0.8460000000000006,0.08066608208312574,0.8460000000000006,0.08966938671251991,0.8460000000000006,0.09905889741274884,0.8460000000000006,0.108831362624043,0.8460000000000006,0.1189861029879699,0.8460000000000006,0.1295248434481171,0.8460000000000006,0.1404515963206968,0.8460000000000006,0.1517726103110432,0.8460000000000006,0.163496402058331
0.8640000000000007,0.00773853393480343,0.8640000000000007,0.01074967776815257,0.8640000000000007,0.01436067952978865,0.8640000000000007,0.01855785655552205,0.8640000000000007,0.02331877344374847,0.8640000000000007,0.02861676923404624,0.8640000000000007,0.03442375052400348,0.8640000000000007,0.04071234131087906,0.8640000000000007,0.047457095510656,0.8640000000000007,0.05463532657801134,0.8640000000000007,0.06222753065717427,0.8640000000000007,0.0702175316720807,0.8640000000000007,0.07859244028816927,0.8640000000000007,0.08734250133930516,0.8640000000000007,0.09646088588251747,0.8640000000000007,0.1059434676550518,0.8640000000000007,0.1157886110245163,0.8640000000000007,0.1259969889111665,0.8640000000000007,0.1365714443133578,0.8640000000000007,0.1475169074696804,0.8640000000000007,0.1588403816407716
0.8820000000000007,0.007542545257207989,0.8820000000000007,0.0104819446850493,0.8820000000000007,0.01400826424855872,0.8820000000000007,0.01810804852057683,0.8820000000000007,0.02275904736691842,0.8820000000000007,0.02793467741033699,0.8820000000000007,0.03360678414538463,0.8820000000000007,0.03974781525334125,0.8820000000000007,0.0463320370674465,0.8820000000000007,0.05333638324475245,0.8820000000000007,0.06074089175949497,0.8820000000000007,0.06852885990205701,0.8820000000000007,0.07668680920277041,0.8820000000000007,0.08520433530530801,0.8820000000000007,0.09407389935495726,0.8820000000000007,0.1032906008043784,0.8820000000000007,0.1128519584406399,0.8820000000000007,0.122757717293382,0.8820000000000007,0.1330096935689389,0.8820000000000007,0.143611667324031,0.8820000000000007,0.1545693327439039
0.9,0.007362824136704463,0.9,0.01023622060528703,0.9,0.01368457279837389,0.9,0.01769463290831013,0.9,0.02224432581923847,0.9,0.02730714857084284,0.9,0.03285490298731741,0.9,0.03885988914373868,0.9,0.04529612522033393,0.9,0.05214021325930447,0.9,0.05937178869981354,0.9,0.06697368442358072,0.9,0.07493190120362693,0.9,0.08323545999089706,0.9,0.0918761930187581,0.9,0.1008485138304761,0.9,0.110149192910536,0.9,0.1197771560463197,0.9,0.1297333165196776,0.9,0.1400204491500494,0.9,0.1506431135413131
