/QB1 (VDDL=0.4) X,/QB1 (VDDL=0.4) Y,/QB1 (VDDL=0.425) X,/QB1 (VDDL=0.425) Y,/QB1 (VDDL=0.45) X,/QB1 (VDDL=0.45) Y,/QB1 (VDDL=0.475) X,/QB1 (VDDL=0.475) Y,/QB1 (VDDL=0.5) X,/QB1 (VDDL=0.5) Y,/QB1 (VDDL=0.525) X,/QB1 (VDDL=0.525) Y,/QB1 (VDDL=0.55) X,/QB1 (VDDL=0.55) Y,/QB1 (VDDL=0.575) X,/QB1 (VDDL=0.575) Y,/QB1 (VDDL=0.6) X,/QB1 (VDDL=0.6) Y,/QB1 (VDDL=0.625) X,/QB1 (VDDL=0.625) Y,/QB1 (VDDL=0.65) X,/QB1 (VDDL=0.65) Y,/QB1 (VDDL=0.675) X,/QB1 (VDDL=0.675) Y,/QB1 (VDDL=0.7) X,/QB1 (VDDL=0.7) Y,/QB1 (VDDL=0.725) X,/QB1 (VDDL=0.725) Y,/QB1 (VDDL=0.75) X,/QB1 (VDDL=0.75) Y,/QB1 (VDDL=0.775) X,/QB1 (VDDL=0.775) Y,/QB1 (VDDL=0.8) X,/QB1 (VDDL=0.8) Y,/QB1 (VDDL=0.825) X,/QB1 (VDDL=0.825) Y,/QB1 (VDDL=0.85) X,/QB1 (VDDL=0.85) Y,/QB1 (VDDL=0.875) X,/QB1 (VDDL=0.875) Y,/QB1 (VDDL=0.9) X,/QB1 (VDDL=0.9) Y
0,0.399702830037047,0,0.4248239986161347,0,0.449891794478689,0,0.4749307413036483,0,0.4999535268699601,0,0.5249671782360175,0,0.5499755849668785,0,0.5749809364550381,0,0.5999844121290814,0,0.6249867737268798,0,0.649988393585893,0,0.6749895414268355,0,0.6999903621971943,0,0.7249909508265221,0,0.7499913650506278,0,0.7749916497797831,0,0.7999918367118801,0,0.8249919617361395,0,0.8499919846743641,0,0.8749919697476334,0,0.8999919064527678
0.018,0.3992561906747784,0.018,0.4245683303141998,0.018,0.4497420094065595,0.018,0.4748400856048591,0.018,0.4998964834532023,0.018,0.5249296302532939,0.018,0.5499496149554737,0.018,0.5749620159032276,0.018,0.599969952540136,0.018,0.6249751921328812,0.018,0.6499787521887084,0.018,0.6749812306935576,0.018,0.6999829879254043,0.018,0.7249842470736745,0.018,0.7499851504580715,0.018,0.774985791422436,0.018,0.7999862328039237,0.018,0.8249865178899064,0.018,0.8499866770911552,0.018,0.8749867321152484,0.018,0.8999866986438191
0.036,0.3981109668711398,0.036,0.4239259313678284,0.036,0.4493734068902265,0.036,0.4746226101773698,0.036,0.4997637037908669,0.036,0.5248451784029319,0.036,0.5498933337111681,0.036,0.5749225696320722,0.036,0.5999408570789331,0.036,0.6249526620023088,0.036,0.6499605219691095,0.036,0.674965904400971,0.036,0.6999696768159953,0.036,0.7249723656344176,0.036,0.7499742995331137,0.036,0.7749756897772389,0.036,0.799976675996223,0.036,0.8249773528560701,0.036,0.8499777859931977,0.036,0.8749780217898542,0.036,0.8999780935318911
0.05400000000000001,0.3950988436532586,0.05400000000000001,0.4222820279331898,0.05400000000000001,0.4484506466347593,0.05400000000000001,0.4740911434123326,0.05400000000000001,0.4994481012658323,0.05400000000000001,0.5246507538637187,0.05400000000000001,0.5497682942404746,0.05400000000000001,0.5748381798536411,0.05400000000000001,0.5998809182966897,0.05400000000000001,0.624907873606642,0.05400000000000001,0.6499254257108562,0.05400000000000001,0.6749372115079161,0.05400000000000001,0.6999453442738538,0.05400000000000001,0.7249510812715999,0.05400000000000001,0.749955191108674,0.05400000000000001,0.7749581575128766,0.05400000000000001,0.7999602938890494,0.05400000000000001,0.8249618089443205,0.05400000000000001,0.8499628451656439,0.05400000000000001,0.8749635019710924,0.05400000000000001,0.8999638500175338
0.07200000000000001,0.3867706509359466,0.07200000000000001,0.4179243656778407,0.07200000000000001,0.4460909229428211,0.07200000000000001,0.4727668094157896,0.07200000000000001,0.4986826023639218,0.07200000000000001,0.524193137106204,0.07200000000000001,0.5494837518309785,0.07200000000000001,0.5746530823738005,0.07200000000000001,0.5997543858135308,0.07200000000000001,0.6248168068851853,0.07200000000000001,0.6498565104116936,0.07200000000000001,0.6748825904330737,0.07200000000000001,0.6999002494162002,0.07200000000000001,0.724912526097251,0.07200000000000001,0.7499212404239183,0.07200000000000001,0.774927513519702,0.07200000000000001,0.7999320566469273,0.07200000000000001,0.8249353342757449,0.07200000000000001,0.8499376580166991,0.07200000000000001,0.8749392420624428,0.07200000000000001,0.8999402367875209
0.09000000000000001,0.3590578806755031,0.09000000000000001,0.405438328408435,0.09000000000000001,0.4397469605029332,0.09000000000000001,0.4693582507145386,0.09000000000000001,0.4967827273910742,0.09000000000000001,0.5230915907015857,0.09000000000000001,0.5488208619262657,0.09000000000000001,0.5742369802698071,0.09000000000000001,0.5994805500427219,0.09000000000000001,0.624627196983857,0.09000000000000001,0.6497182600296961,0.09000000000000001,0.6747766802541375,0.09000000000000001,0.699815390623721,0.09000000000000001,0.7248418178234802,0.09000000000000001,0.7498603238133892,0.09000000000000001,0.7748735392285183,0.09000000000000001,0.7998830972321822,0.09000000000000001,0.824890042264976,0.09000000000000001,0.8498950616973825,0.09000000000000001,0.8748986200482282,0.09000000000000001,0.899901038746422
0.108,0.2668904608590336,0.108,0.3578215282800031,0.108,0.420371354229982,0.108,0.4600306034900452,0.108,0.4918578675939553,0.108,0.5203550575566419,0.108,0.5472370629086862,0.108,0.5732778578422321,0.108,0.5988727885882691,0.108,0.6242225627760419,0.108,0.649434505717566,0.108,0.6745671517370032,0.108,0.6996529842552062,0.108,0.7247103514507471,0.108,0.7497498313678309,0.108,0.7747776728622164,0.108,0.7997976714346617,0.108,0.8248122019252951,0.108,0.849822795201747,0.108,0.8748304664905781,0.108,0.89983590676616
0.126,0.1530407204998977,0.126,0.2483698895485255,0.126,0.3449779706705762,0.126,0.4280083725740629,0.126,0.4778251945268571,0.126,0.5131980629212837,0.126,0.543298613387176,0.126,0.571002144170394,0.126,0.5974870369538557,0.126,0.6233364161595801,0.126,0.6488377757187097,0.126,0.6741434862537252,0.126,0.6993363188353735,0.126,0.7244621661111156,0.126,0.7495469933765462,0.126,0.7746058297660023,0.126,0.7996476060350681,0.126,0.824677785704886,0.126,0.8496998139811163,0.126,0.8747159291175293,0.126,0.8997276265718365
0.144,0.05624749315913852,0.144,0.1324301029218042,0.144,0.2279903731438568,0.144,0.32711790153749,0.144,0.4227691507793252,0.144,0.4912080324638412,0.144,0.5327493564961107,0.144,0.5653120928590863,0.144,0.5942051094514497,0.144,0.6213377486222103,0.144,0.6475489107063608,0.144,0.6732660822658272,0.144,0.6987059893352064,0.144,0.7239855923983561,0.144,0.7491695965490073,0.144,0.7742946508551498,0.144,0.7993820492928516,0.144,0.8244445194470837,0.144,0.8494899030165102,0.144,0.8745231826740153,0.144,0.8995476202047543
0.162,0.01973651107417914,0.162,0.044832053919969,0.162,0.1113552642084742,0.162,0.2061787844430984,0.162,0.3067815711552912,0.162,0.407204628112206,0.162,0.495788570973923,0.162,0.5493768855313496,0.162,0.5859368812945998,0.162,0.6166133887899029,0.162,0.6446721123801213,0.162,0.6713976963349747,0.162,0.6974213144174629,0.162,0.7230525016813593,0.162,0.748456585761598,0.162,0.77372464599896,0.162,0.7989082766443488,0.162,0.8240375555793114,0.162,0.8491305606984491,0.162,0.8741985064296021,0.162,0.8992485709269477
0.18,0.007895971155221828,0.18,0.0161576102018932,0.18,0.03589115274408297,0.18,0.09057780060110032,0.18,0.1832109732116258,0.18,0.2845970923141381,0.18,0.3875291538300948,0.18,0.4866499813562551,0.18,0.5607333287987363,0.18,0.6044214524363843,0.18,0.6378535052818649,0.18,0.6672496728739211,0.18,0.6947243819974216,0.18,0.721182092427975,0.18,0.7470846672977789,0.18,0.7726662705680856,0.18,0.7980549898467828,0.18,0.8233232821857727,0.18,0.8485134927124152,0.18,0.873651199069906,0.18,0.89875236890861
0.1980000000000001,0.00335229675640749,0.1980000000000001,0.006484437081463824,0.1980000000000001,0.01328253296262902,0.1980000000000001,0.02893976793521692,0.1980000000000001,0.0717212941392633,0.1980000000000001,0.1594572534742093,0.1980000000000001,0.2609528689998408,0.1980000000000001,0.3655289018322193,0.1980000000000001,0.4688130190247202,0.1980000000000001,0.5616999693565704,0.1980000000000001,0.6194101916649163,0.1980000000000001,0.6573674828259388,0.1980000000000001,0.688769602160474,0.1980000000000001,0.7173094236431715,0.1980000000000001,0.7443810165503177,0.1980000000000001,0.7706667292404306,0.1980000000000001,0.7964997426811181,0.1980000000000001,0.8220602528931259,0.1980000000000001,0.8474498146388164,0.1980000000000001,0.8727278419697135,0.1980000000000001,0.8979303659385329
0.2160000000000001,0.001496427349261443,0.2160000000000001,0.0027407204525845,0.2160000000000001,0.005362686015834866,0.2160000000000001,0.01098443988747127,0.2160000000000001,0.02356219913366012,0.2160000000000001,0.05607189541918837,0.2160000000000001,0.1353735877765189,0.2160000000000001,0.2361268026508512,0.2160000000000001,0.341720708658394,0.2160000000000001,0.447470650973119,0.2160000000000001,0.549073375847227,0.2160000000000001,0.6280977020659572,0.2160000000000001,0.6742603363067839,0.2160000000000001,0.7087642154175006,0.2160000000000001,0.7388530178707141,0.2160000000000001,0.7667927499612661,0.2160000000000001,0.7936167587211733,0.2160000000000001,0.8198031219361149,0.2160000000000001,0.8456059391942825,0.2160000000000001,0.871167396711312,0.2160000000000001,0.8965705923973247
0.2340000000000001,0.0007055460497042273,0.2340000000000001,0.001213585833466116,0.2340000000000001,0.002266914341387643,0.2340000000000001,0.004474869014560919,0.2340000000000001,0.009153264401104193,0.2340000000000001,0.01939707091937342,0.2340000000000001,0.04432125389867936,0.2340000000000001,0.1116004792474763,0.2340000000000001,0.2104586284197187,0.2340000000000001,0.316475109006528,0.2340000000000001,0.4239133538362012,0.2340000000000001,0.5292974860030398,0.2340000000000001,0.6252307202013021,0.2340000000000001,0.6869590561823568,0.2340000000000001,0.7265613965833626,0.2340000000000001,0.7589090273862237,0.2340000000000001,0.7881216899344563,0.2340000000000001,0.8156990148221719,0.2340000000000001,0.8423780969118947,0.2340000000000001,0.8685191784147791,0.2340000000000001,0.8943214323802989
0.2520000000000001,0.0003555964441059361,0.2520000000000001,0.0005664805244158296,0.2520000000000001,0.001000896460871381,0.2520000000000001,0.001900487580749617,0.2520000000000001,0.003775771538931696,0.2520000000000001,0.007709531523694625,0.2520000000000001,0.01614564270469994,0.2520000000000001,0.03563363666026346,0.2520000000000001,0.08931343037499204,0.2520000000000001,0.1843261096571085,0.2520000000000001,0.2900707297763933,0.2520000000000001,0.3985988019651444,0.2520000000000001,0.5063754316386162,0.2520000000000001,0.6097566161533237,0.2520000000000001,0.692381241923827,0.2520000000000001,0.7411277572597165,0.2520000000000001,0.7769750150927439,0.2520000000000001,0.8079893006888795,0.2520000000000001,0.8366188247925977,0.2520000000000001,0.8639798684703317,0.2520000000000001,0.8905881217952106
0.2700000000000001,0.0001917832167152719,0.2700000000000001,0.0002824680151948338,0.2700000000000001,0.0004649239073662573,0.2700000000000001,0.0008410714365210672,0.2700000000000001,0.001618335865532289,0.2700000000000001,0.003229232715046236,0.2700000000000001,0.006575334671658683,0.2700000000000001,0.01361993243716039,0.2700000000000001,0.02923361558505283,0.2700000000000001,0.07015789048996077,0.2700000000000001,0.1581766577090886,0.2700000000000001,0.262824238463949,0.2700000000000001,0.3718409659452892,0.2700000000000001,0.4812813348682774,0.2700000000000001,0.5882383009090962,0.2700000000000001,0.6858216324965775,0.2700000000000001,0.7507365884671707,0.2700000000000001,0.792261354928908,0.2700000000000001,0.8259188919876698,0.2700000000000001,0.8560204195911324,0.2700000000000001,0.8843196638048635
0.2880000000000001,0.0001106409024707925,0.2880000000000001,0.0001511031946440959,0.2880000000000001,0.000230383094127159,0.2880000000000001,0.0003908633604285454,0.2880000000000001,0.0007200707799750379,0.2880000000000001,0.001402947706698259,0.2880000000000001,0.002806559998478877,0.2880000000000001,0.005694009530146707,0.2880000000000001,0.01166507099131519,0.2880000000000001,0.02445780592952256,0.2880000000000001,0.05557897332809123,0.2880000000000001,0.1325874430391082,0.2880000000000001,0.2350707202541041,0.2880000000000001,0.3439395263584598,0.2880000000000001,0.4544253006587829,0.2880000000000001,0.5637064167375276,0.2880000000000001,0.6680230174436769,0.2880000000000001,0.7523363400884853,0.2880000000000001,0.8036483179250807,0.2880000000000001,0.8412135155684263,0.2880000000000001,0.8734856762869964
0.3060000000000002,6.794298269431245e-05,0.3060000000000002,8.690353357407477e-05,0.3060000000000002,0.0001226210118780765,0.3060000000000002,0.000193404615310238,0.3060000000000002,0.0003372622039872777,0.3060000000000002,0.000632250601133051,0.3060000000000002,0.001241074795505182,0.3060000000000002,0.002485130511580984,0.3060000000000002,0.005019771377749922,0.3060000000000002,0.01018349983710277,0.3060000000000002,0.02091963511016013,0.3060000000000002,0.04522748448656286,0.3060000000000002,0.1084977472630799,0.3060000000000002,0.2071869778187502,0.3060000000000002,0.3151811514405917,0.3060000000000002,0.4261189145664324,0.3060000000000002,0.5369771250955788,0.3060000000000002,0.6447871073600387,0.3060000000000002,0.742272110994179,0.3060000000000002,0.8093771448559107,0.3060000000000002,0.8532028799851464
0.3240000000000002,4.410411179890708e-05,0.3240000000000002,5.355401615647797e-05,0.3240000000000002,7.042034370935005e-05,0.3240000000000002,0.0001027753667239803,0.3240000000000002,0.0001674450636294594,0.3240000000000002,0.0002991785967340145,0.3240000000000002,0.0005689323260956835,0.3240000000000002,0.001122725165259569,0.3240000000000002,0.002247232792059068,0.3240000000000002,0.004516086318370942,0.3240000000000002,0.00907030475517751,0.3240000000000002,0.01828853801717028,0.3240000000000002,0.03796192673716682,0.3240000000000002,0.08734498226331609,0.3240000000000002,0.1796296292819043,0.3240000000000002,0.2858862743499941,0.3240000000000002,0.3966623891603693,0.3240000000000002,0.5084715644301664,0.3240000000000002,0.6185414145466105,0.3240000000000002,0.722431234939099,0.3240000000000002,0.8067102337639717
0.3420000000000002,3.005290612023275e-05,0.3420000000000002,3.511830542610677e-05,0.3420000000000002,4.356445786654953e-05,0.3420000000000002,5.903409746930653e-05,0.3420000000000002,8.914513237775316e-05,0.3420000000000002,0.0001497007846480929,0.3420000000000002,0.0002731644196326305,0.3420000000000002,0.0005254214165365353,0.3420000000000002,0.001040414151510951,0.3420000000000002,0.002079132338067794,0.3420000000000002,0.004154108252559062,0.3420000000000002,0.008258172145477286,0.3420000000000002,0.01635228068777217,0.3420000000000002,0.03283910754494319,0.3420000000000002,0.07082328286460375,0.3420000000000002,0.1530020606998715,0.3420000000000002,0.256423702616899,0.3420000000000002,0.3663733874903596,0.3420000000000002,0.4785441962583792,0.3420000000000002,0.5900864318936446,0.3420000000000002,0.6975239791483558
0.3600000000000002,2.136636151953431e-05,0.3600000000000002,2.430655773795111e-05,0.3600000000000002,2.884161955245485e-05,0.3600000000000002,3.665737962079693e-05,0.3600000000000002,5.128815097961582e-05,0.3600000000000002,8.009263136418403e-05,0.3600000000000002,0.0001382620384526897,0.3600000000000002,0.0002568301360295793,0.3600000000000002,0.0004983720737786511,0.3600000000000002,0.0009870085665694877,0.3600000000000002,0.001970325080876819,0.3600000000000002,0.003911310216355005,0.3600000000000002,0.00769372588749812,0.3600000000000002,0.01498923528088107,0.3600000000000002,0.02922639454154454,0.3600000000000002,0.05933084636166592,0.3600000000000002,0.1281513223537687,0.3600000000000002,0.2272375369843739,0.3600000000000002,0.3355982168644202,0.3600000000000002,0.4475418207768546,0.3600000000000002,0.5599067131792764
0.3780000000000002,1.576919176773026e-05,0.3780000000000002,1.761810032692751e-05,0.3780000000000002,2.02497274927972e-05,0.3780000000000002,2.446502493653098e-05,0.3780000000000002,3.194595443568328e-05,0.3780000000000002,4.620454519699609e-05,0.3780000000000002,7.452051869068727e-05,0.3780000000000002,0.0001318470694841314,0.3780000000000002,0.0002485554590714693,0.3780000000000002,0.0004854611851472928,0.3780000000000002,0.0009621344861672626,0.3780000000000002,0.001912946484575134,0.3780000000000002,0.003770338568008513,0.3780000000000002,0.007335328987445265,0.3780000000000002,0.0140599843865886,0.3780000000000002,0.02670116627575457,0.3780000000000002,0.05154222183989127,0.3780000000000002,0.1067214006359958,0.3780000000000002,0.1988789875298017,0.3780000000000002,0.3047224339836049,0.3780000000000002,0.4158141717356078
0.3960000000000002,1.202920361445124e-05,0.3960000000000002,1.32814058834701e-05,0.3960000000000002,1.493567241720436e-05,0.3960000000000002,1.738274277036346e-05,0.3960000000000002,2.14436939331288e-05,0.3960000000000002,2.883653957042266e-05,0.3960000000000002,4.313398028502101e-05,0.3960000000000002,7.170793916115166e-05,0.3960000000000002,0.0001296231039488633,0.3960000000000002,0.000247291710062847,0.3960000000000002,0.0004851566673343159,0.3960000000000002,0.0009609196643179843,0.3960000000000002,0.001901313799459298,0.3960000000000002,0.003718080978119724,0.3960000000000002,0.007150781583667614,0.3960000000000002,0.01348332451551749,0.3960000000000002,0.02497731835885801,0.3960000000000002,0.04628007356155669,0.3960000000000002,0.08990549524050824,0.3960000000000002,0.1720479105295148,0.3960000000000002,0.2741769737464854
0.4140000000000003,9.447684099858961e-06,0.4140000000000003,1.035186644123898e-05,0.4140000000000003,1.14737547472285e-05,0.4140000000000003,1.300900414091113e-05,0.4140000000000003,1.536848124905497e-05,0.4140000000000003,1.941289591754787e-05,0.4140000000000003,2.69365633182688e-05,0.4140000000000003,4.16554567295487e-05,0.4140000000000003,7.12016393462029e-05,0.4140000000000003,0.0001310881707347869,0.4140000000000003,0.0002524316821745004,0.4140000000000003,0.0004965769638321282,0.4140000000000003,0.000981724992235593,0.4140000000000003,0.001928847536012147,0.4140000000000003,0.003744929731466591,0.4140000000000003,0.007115418688933231,0.4140000000000003,0.01319506811595488,0.4140000000000003,0.02389160471230163,0.4140000000000003,0.04272043510758111,0.4140000000000003,0.07812837338764801,0.4140000000000003,0.147786728698321
0.4320000000000003,7.612519508438614e-06,0.4320000000000003,8.30061089430636e-06,0.4320000000000003,9.113922554961401e-06,0.4320000000000003,1.015295462810658e-05,0.4320000000000003,1.162822490037016e-05,0.4320000000000003,1.398076534784769e-05,0.4320000000000003,1.813149856099561e-05,0.4320000000000003,2.599308201623449e-05,0.4320000000000003,4.150996625873523e-05,0.4320000000000003,7.274496736587983e-05,0.4320000000000003,0.0001359953453757449,0.4320000000000003,0.0002637275190317769,0.4320000000000003,0.0005193878877565003,0.4320000000000003,0.001023809370079997,0.4320000000000003,0.001999286784315696,0.4320000000000003,0.003844201888053043,0.4320000000000003,0.007210615852504353,0.4320000000000003,0.01314562586601512,0.4320000000000003,0.02327611187133841,0.4320000000000003,0.04031059405017023,0.4320000000000003,0.07018069367684085
0.4500000000000003,6.272407386446854e-06,0.4500000000000003,6.818360446014594e-06,0.4500000000000003,7.441350811484894e-06,0.4500000000000003,8.194321545844704e-06,0.4500000000000003,9.187597039806801e-06,0.4500000000000003,1.065196608722861e-05,0.4500000000000003,1.306965665985085e-05,0.4500000000000003,1.744426254012655e-05,0.4500000000000003,2.585222176323163e-05,0.4500000000000003,4.255744543806758e-05,0.4500000000000003,7.623294664690127e-05,0.4500000000000003,0.0001443065322828324,0.4500000000000003,0.0002812425167644732,0.4500000000000003,0.0005537488193382933,0.4500000000000003,0.001087234269690066,0.4500000000000003,0.002108321652495256,0.4500000000000003,0.004011667594234386,0.4500000000000003,0.007422592666524689,0.4500000000000003,0.01329698858112264,0.4500000000000003,0.02303335919032078,0.4500000000000003,0.03880683988948962
0.4680000000000003,5.269638086248385e-06,0.4680000000000003,5.717223211613427e-06,0.4680000000000003,6.215696529560225e-06,0.4680000000000003,6.793680517619119e-06,0.4680000000000003,7.510271160571711e-06,0.4680000000000003,8.488642397070533e-06,0.4680000000000003,9.986000499624345e-06,0.4680000000000003,1.253825672063309e-05,0.4680000000000003,1.725692967683205e-05,0.4680000000000003,2.643287545536162e-05,0.4680000000000003,4.474970943452151e-05,0.4680000000000003,8.168544970386775e-05,0.4680000000000003,0.0001561670150843294,0.4680000000000003,0.0003053269539897396,0.4680000000000003,0.0006002840215272515,0.4680000000000003,0.001172824892013038,0.4680000000000003,0.002256368462696013,0.4680000000000003,0.004240236269315973,0.4680000000000003,0.007741420623585986,0.4680000000000003,0.0136201803993788,0.4680000000000003,0.02308884409278171
0.4860000000000003,4.502647517349521e-06,0.4860000000000003,4.879147512119706e-06,0.4860000000000003,5.291699083970385e-06,0.4860000000000003,5.75621584560678e-06,0.4860000000000003,6.305060772039649e-06,0.4860000000000003,7.005225125441245e-06,0.4860000000000003,7.996260049426572e-06,0.4860000000000003,9.568948871265742e-06,0.4860000000000003,1.232737112366142e-05,0.4860000000000003,1.752008088156409e-05,0.4860000000000003,2.771024427451312e-05,0.4860000000000003,4.811456414543726e-05,0.4860000000000003,8.923326222563249e-05,0.4860000000000003,0.0001718950661560201,0.4860000000000003,0.0003366114114160186,0.4860000000000003,0.0006600731419484297,0.4860000000000003,0.001282119949719816,0.4860000000000003,0.002444922805209511,0.4860000000000003,0.00453998801107995,0.4860000000000003,0.008160174831030948,0.4860000000000003,0.01409323098890103
0.5040000000000003,3.904426444941548e-06,0.5040000000000003,4.227678736796646e-06,0.5040000000000003,4.578148341413882e-06,0.5040000000000003,4.964970654060766e-06,0.5040000000000003,5.406292832896088e-06,0.5040000000000003,5.939243441293323e-06,0.5040000000000003,6.640778529310103e-06,0.5040000000000003,7.671022989349375e-06,0.5040000000000003,9.362836005454985e-06,0.5040000000000003,1.240558953080337e-05,0.5040000000000003,1.82190876310226e-05,0.5040000000000003,2.970632856975004e-05,0.5040000000000003,5.274800127534598e-05,0.5040000000000003,9.911375087113213e-05,0.5040000000000003,0.0001919830672138547,0.5040000000000003,0.0003760134332757316,0.5040000000000003,0.0007346552514543152,0.5040000000000003,0.001417346926491702,0.5040000000000003,0.002676412044364052,0.5040000000000003,0.004905845350570185,0.5040000000000003,0.008665048388849104
0.5220000000000004,3.429722031113504e-06,0.5220000000000004,3.71189870133379e-06,0.5220000000000004,4.015755267862873e-06,0.5220000000000004,4.346739621293437e-06,0.5220000000000004,4.715305027983092e-06,0.5220000000000004,5.142444913924508e-06,0.5220000000000004,5.671286527474042e-06,0.5220000000000004,6.391249138002328e-06,0.5220000000000004,7.488096551420239e-06,0.5220000000000004,9.346995452761452e-06,0.5220000000000004,1.276314273602265e-05,0.5220000000000004,1.936839145771411e-05,0.5220000000000004,3.248549926585706e-05,0.5220000000000004,5.88125382890932e-05,0.5220000000000004,0.0001116741477465173,0.5220000000000004,0.0002171080200110492,0.5220000000000004,0.0004247548636436415,0.5220000000000004,0.0008260421619257911,0.5220000000000004,0.001581395873546723,0.5220000000000004,0.002954091872236232,0.5220000000000004,0.005339673936523593
0.5400000000000004,3.0472757163318e-06,0.5400000000000004,3.296999673235222e-06,0.5400000000000004,3.564744923660543e-06,0.5400000000000004,3.853912814459939e-06,0.5400000000000004,4.17072165635989e-06,0.5400000000000004,4.527313293741572e-06,0.5400000000000004,4.948270420606177e-06,0.5400000000000004,5.484222941122589e-06,0.5400000000000004,6.240104206701761e-06,0.5400000000000004,7.433494488823225e-06,0.5400000000000004,9.514311874426018e-06,0.5400000000000004,1.340845035916752e-05,0.5400000000000004,2.100896859459439e-05,0.5400000000000004,3.615398356315803e-05,0.5400000000000004,6.654055507652601e-05,0.5400000000000004,0.0001273813321210628,0.5400000000000004,0.0002481502090144238,0.5400000000000004,0.0004843879256379918,0.5400000000000004,0.0009367371910142958,0.5400000000000004,0.001777788905570886,0.5400000000000004,0.003281875064772183
0.5580000000000004,2.735020761864607e-06,0.5580000000000004,2.958599657947834e-06,0.5580000000000004,3.19765514664866e-06,0.5580000000000004,3.454428570543944e-06,0.5580000000000004,3.732767733671419e-06,0.5580000000000004,4.03988791129948e-06,0.5580000000000004,4.390071081434438e-06,0.5580000000000004,4.812401577875144e-06,0.5580000000000004,5.366863587375487e-06,0.5580000000000004,6.177659949259721e-06,0.5580000000000004,7.501777609279273e-06,0.5580000000000004,9.869130607062264e-06,0.5580000000000004,1.436665695787241e-05,0.5580000000000004,2.320827186970559e-05,0.5580000000000004,4.086259133605439e-05,0.5580000000000004,7.624202913877693e-05,0.5580000000000004,0.000146837566673244,0.5580000000000004,0.0002862192717594254,0.5580000000000004,0.0005568282889696492,0.5580000000000004,0.0010697552171702,0.5580000000000004,0.002010638855680156
0.5760000000000004,2.477055079927242e-06,0.5760000000000004,2.679229465531158e-06,0.5760000000000004,2.895024559809412e-06,0.5760000000000004,3.126008711452953e-06,0.5760000000000004,3.37467942660725e-06,0.5760000000000004,3.645470696023464e-06,0.5760000000000004,3.946871159057626e-06,0.5760000000000004,4.29585975969272e-06,0.5760000000000004,4.727152205431919e-06,0.5760000000000004,5.31238129999394e-06,0.5760000000000004,6.199668366689882e-06,0.5760000000000004,7.694781975634352e-06,0.5760000000000004,1.042640350878474e-05,0.5760000000000004,1.567972674642723e-05,0.5760000000000004,2.606225360238104e-05,0.5760000000000004,4.681236446219968e-05,0.5760000000000004,8.831646280208703e-05,0.5760000000000004,0.0001708020199767436,0.5760000000000004,0.0003326871331383788,0.5760000000000004,0.0006443931230259259,0.5760000000000004,0.001228639144059555
0.5940000000000004,2.261697635644864e-06,0.5940000000000004,2.446111790548743e-06,0.5940000000000004,2.642735798022375e-06,0.5940000000000004,2.852736999234169e-06,0.5940000000000004,3.077828875326915e-06,0.5940000000000004,3.320852103187695e-06,0.5940000000000004,3.586997175143011e-06,0.5940000000000004,3.886367676586345e-06,0.5940000000000004,4.239331699678144e-06,0.5940000000000004,4.687643129021377e-06,0.5940000000000004,5.317439309107758e-06,0.5940000000000004,6.30653816550805e-06,0.5940000000000004,8.021113384468205e-06,0.5940000000000004,1.121181114926711e-05,0.5940000000000004,1.740786466956189e-05,0.5940000000000004,2.969930373401426e-05,0.5940000000000004,5.426309715450666e-05,0.5940000000000004,0.0001032690790139559,0.5940000000000004,0.0002002181264713221,0.5940000000000004,0.0003892272106246167,0.5940000000000004,0.0007498415386696206
0.6120000000000004,2.080216919025585e-06,0.6120000000000004,2.249725736026387e-06,0.6120000000000004,2.430333980745625e-06,0.6120000000000004,2.622962494596852e-06,0.6120000000000004,2.828859464900252e-06,0.6120000000000004,3.049938265226884e-06,0.6120000000000004,3.28948841996283e-06,0.6120000000000004,3.553667477646201e-06,0.6120000000000004,3.854619625285774e-06,0.6120000000000004,4.216967160999017e-06,0.6120000000000004,4.691260904421241e-06,0.6120000000000004,5.381709386102625e-06,0.6120000000000004,6.503029779655129e-06,0.6120000000000004,8.496251781307771e-06,0.6120000000000004,1.226272607309969e-05,0.6120000000000004,1.963217978162968e-05,0.6120000000000004,3.428611523245505e-05,0.6120000000000004,6.354488168426192e-05,0.6120000000000004,0.0001217315648697622,0.6120000000000004,0.0002362469178380097,0.6120000000000004,0.0004578590069550767
0.6300000000000004,1.925982931647491e-06,0.6300000000000004,2.082858554377437e-06,0.6300000000000004,2.249934721629284e-06,0.6300000000000004,2.427975164932633e-06,0.6300000000000004,2.617944743132004e-06,0.6300000000000004,2.821207396285222e-06,0.6300000000000004,3.039942480073785e-06,0.6300000000000004,3.278018817818981e-06,0.6300000000000004,3.542823704173707e-06,0.6300000000000004,3.849075273401856e-06,0.6300000000000004,4.226735169249388e-06,0.6300000000000004,4.737356114380068e-06,0.6300000000000004,5.507683270133142e-06,0.6300000000000004,6.798331009939912e-06,0.6300000000000004,9.143187414459601e-06,0.6300000000000004,1.362997627632094e-05,0.6300000000000004,2.245862388474098e-05,0.6300000000000004,4.00356338537397e-05,0.6300000000000004,7.507299990759676e-05,0.6300000000000004,0.0001444877765182537,0.6300000000000004,0.0002803064018712845
0.6480000000000005,1.793890488523801e-06,0.6480000000000005,1.939965628730229e-06,0.6480000000000005,2.095497238433538e-06,0.6480000000000005,2.261144721937e-06,0.6480000000000005,2.437695065972937e-06,0.6480000000000005,2.626179747838349e-06,0.6480000000000005,2.828120188247496e-06,0.6480000000000005,3.046043023045116e-06,0.6480000000000005,3.28455910966301e-06,0.6480000000000005,3.552615193900141e-06,0.6480000000000005,3.868174164722494e-06,0.6480000000000005,4.267901890638651e-06,0.6480000000000005,4.827123388777231e-06,0.6480000000000005,5.700721718690682e-06,0.6480000000000005,7.206468415228433e-06,0.6480000000000005,9.993570118392936e-06,0.6480000000000005,1.538044392403063e-05,0.6480000000000005,2.602333744056043e-05,0.6480000000000005,4.721737533245123e-05,0.6480000000000005,8.936661736275761e-05,0.6480000000000005,0.0001725048847594669
0.6660000000000005,1.679959374638674e-06,0.6660000000000005,1.816729369707904e-06,0.6660000000000005,1.962328950159567e-06,0.6660000000000005,2.117345095295586e-06,0.6660000000000005,2.282449058244736e-06,0.6660000000000005,2.458465998590539e-06,0.6660000000000005,2.646520674720193e-06,0.6660000000000005,2.848343016644443e-06,0.6660000000000005,3.066908198054791e-06,0.6660000000000005,3.307773518594196e-06,0.6660000000000005,3.581860681365001e-06,0.6660000000000005,3.911223305073495e-06,0.6660000000000005,4.3409517114681e-06,0.6660000000000005,4.963630012334109e-06,0.6660000000000005,5.969315627636759e-06,0.6660000000000005,7.747046926567816e-06,0.6660000000000005,1.108940179117718e-05,0.6660000000000005,1.760060054048023e-05,0.6660000000000005,3.049962557541893e-05,0.6660000000000005,5.617050885615369e-05,0.6660000000000005,0.000107071846276134
0.6840000000000005,1.581051923240074e-06,0.6840000000000005,1.709749112183134e-06,0.6840000000000005,1.846740300015682e-06,0.6840000000000005,1.992559851794642e-06,0.6840000000000005,2.147800599413706e-06,0.6840000000000005,2.313155724903714e-06,0.6840000000000005,2.489505857055632e-06,0.6840000000000005,2.678101355040937e-06,0.6840000000000005,2.880944003221936e-06,0.6840000000000005,3.101584667110557e-06,0.6840000000000005,3.346785029797296e-06,0.6840000000000005,3.629966889207424e-06,0.6840000000000005,3.978343632357733e-06,0.6840000000000005,4.447601598681235e-06,0.6840000000000005,5.151978667639019e-06,0.6840000000000005,6.325556944412048e-06,0.6840000000000005,8.446341101575703e-06,0.6840000000000005,1.248534566593487e-05,0.6840000000000005,2.040114308364801e-05,0.6840000000000005,3.610687651823598e-05,0.6840000000000005,6.732021597225633e-05
0.7020000000000005,1.494670080756191e-06,0.7020000000000005,1.616319099662003e-06,0.7020000000000005,1.745799366846584e-06,0.7020000000000005,1.88360532366967e-06,0.7020000000000005,2.030274286515708e-06,0.7020000000000005,2.186411944445274e-06,0.7020000000000005,2.352744845640361e-06,0.7020000000000005,2.530229798254596e-06,0.7020000000000005,2.720282662316496e-06,0.7020000000000005,2.925256499225279e-06,0.7020000000000005,3.149438409888937e-06,0.7020000000000005,3.40112099947893e-06,0.7020000000000005,3.696891253792487e-06,0.7020000000000005,4.070475394406889e-06,0.7020000000000005,4.590900627659658e-06,0.7020000000000005,5.399604426362842e-06,0.7020000000000005,6.785836636303444e-06,0.7020000000000005,9.338789734300085e-06,0.7020000000000005,1.425176886304692e-05,0.7020000000000005,2.392296065562902e-05,0.7020000000000005,4.312182782657106e-05
0.7200000000000005,1.418807305320102e-06,0.7200000000000005,1.534266907919278e-06,0.7200000000000005,1.657154254068957e-06,0.7200000000000005,1.787932280476898e-06,0.7200000000000005,1.92709721943268e-06,0.7200000000000005,2.075194365203258e-06,0.7200000000000005,2.232850009397957e-06,0.7200000000000005,2.400837540090564e-06,0.7200000000000005,2.580215303177932e-06,0.7200000000000005,2.772614528078911e-06,0.7200000000000005,2.980839794216601e-06,0.7200000000000005,3.210117897927838e-06,0.7200000000000005,3.470686697313248e-06,0.7200000000000005,3.783142086618681e-06,0.7200000000000005,4.189437911472457e-06,0.7200000000000005,4.775415781878259e-06,0.7200000000000005,5.716718184649046e-06,0.7200000000000005,7.371805149394987e-06,0.7200000000000005,1.046897406332714e-05,0.7200000000000005,1.647868055474153e-05,0.7200000000000005,2.834473310995708e-05
0.7380000000000005,1.351838926432695e-06,0.7380000000000005,1.461834079731669e-06,0.7380000000000005,1.578902430849742e-06,0.7380000000000005,1.703481212801757e-06,0.7380000000000005,1.836034945081636e-06,0.7380000000000005,1.97706538766497e-06,0.7380000000000005,2.127131211963246e-06,0.7380000000000005,2.286888251458261e-06,0.7380000000000005,2.457173041812365e-06,0.7380000000000005,2.639176993681253e-06,0.7380000000000005,2.834809548281266e-06,0.7380000000000005,3.047453891194052e-06,0.7380000000000005,3.283535041452428e-06,0.7380000000000005,3.555762749841395e-06,0.7380000000000005,3.88981355105594e-06,0.7380000000000005,4.338044569720398e-06,0.7380000000000005,5.007511936136183e-06,0.7380000000000005,6.116920315683735e-06,0.7380000000000005,8.111649486194511e-06,0.7380000000000005,1.18941911307649e-05,0.7380000000000005,1.928078006692643e-05
0.7560000000000006,1.292439873186831e-06,0.7560000000000006,1.397586702455853e-06,0.7560000000000006,1.509493168018169e-06,0.7560000000000006,1.628574956206395e-06,0.7560000000000006,1.755271171250365e-06,0.7560000000000006,1.890050797632539e-06,0.7560000000000006,2.033425015838659e-06,0.7560000000000006,2.185971954301631e-06,0.7560000000000006,2.348387640955436e-06,0.7560000000000006,2.521591874176993e-06,0.7560000000000006,2.706948734922552e-06,0.7560000000000006,2.906725510575718e-06,0.7560000000000006,3.125045621726495e-06,0.7560000000000006,3.369861444026626e-06,0.7560000000000006,3.65702493184359e-06,0.7560000000000006,4.018656148023093e-06,0.7560000000000006,4.520278535092003e-06,0.7560000000000006,5.295741984510634e-06,0.7560000000000006,6.618020517550329e-06,0.7560000000000006,9.041762090268916e-06,0.7560000000000006,1.368777036685896e-05
0.7740000000000006,1.239522185652557e-06,0.7740000000000006,1.340347573696607e-06,0.7740000000000006,1.447653714167585e-06,0.7740000000000006,1.56183784154571e-06,0.7740000000000006,1.683318038130585e-06,0.7740000000000006,1.812537584937389e-06,0.7740000000000006,1.949972845096778e-06,0.7740000000000006,2.096148682075952e-06,0.7740000000000006,2.251669784164497e-06,0.7740000000000006,2.41728536718882e-06,0.7740000000000006,2.594023631254277e-06,0.7740000000000006,2.783471433005217e-06,0.7740000000000006,2.988355206632473e-06,0.7740000000000006,3.213744627436944e-06,0.7740000000000006,3.469539074150446e-06,0.7740000000000006,3.775586858101741e-06,0.7740000000000006,4.172186428964111e-06,0.7740000000000006,4.741539728136711e-06,0.7740000000000006,5.651370793773137e-06,0.7740000000000006,7.243113885270713e-06,0.7740000000000006,1.020890182231731e-05
0.7920000000000006,1.192187055769724e-06,0.7920000000000006,1.289144190474501e-06,0.7920000000000006,1.392332800366809e-06,0.7920000000000006,1.502134055706516e-06,0.7920000000000006,1.618948202266251e-06,0.7920000000000006,1.743197626787914e-06,0.7920000000000006,1.875332054485905e-06,0.7920000000000006,2.015838323790654e-06,0.7920000000000006,2.16525984364478e-06,0.7920000000000006,2.324236395517375e-06,0.7920000000000006,2.493586495331363e-06,0.7920000000000006,2.674478445661484e-06,0.7920000000000006,2.868785575101166e-06,0.7920000000000006,3.079822676672842e-06,0.7920000000000006,3.313868723026016e-06,0.7920000000000006,3.583305792889835e-06,0.7920000000000006,3.913068056280114e-06,0.7920000000000006,4.353842714236239e-06,0.7920000000000006,5.008978543010705e-06,0.7920000000000006,6.089065946450281e-06,0.7920000000000006,8.021980161408876e-06
0.8100000000000006,1.149687696547945e-06,0.8100000000000006,1.24316850877183e-06,0.8100000000000006,1.342656992167539e-06,0.8100000000000006,1.448520152517217e-06,0.8100000000000006,1.561142798334251e-06,0.8100000000000006,1.680929815256852e-06,0.8100000000000006,1.808309728021981e-06,0.8100000000000006,1.943741046888527e-06,0.8100000000000006,2.087724523602222e-06,0.8100000000000006,2.24082784162142e-06,0.8100000000000006,2.403736339908617e-06,0.8100000000000006,2.577358044010802e-06,0.8100000000000006,2.763041584990462e-06,0.8100000000000006,2.963028011627868e-06,0.8100000000000006,3.181385615364163e-06,0.8100000000000006,3.425938958368108e-06,0.8100000000000006,3.712237361365929e-06,0.8100000000000006,4.071691819463416e-06,0.8100000000000006,4.568196888659612e-06,0.8100000000000006,5.331937653545629e-06,0.8100000000000006,6.627799487420586e-06
0.8280000000000006,1.111400372796593e-06,0.8280000000000006,1.201745563708797e-06,0.8280000000000006,1.297896686025017e-06,0.8280000000000006,1.400208134150048e-06,0.8280000000000006,1.509051149713274e-06,0.8280000000000006,1.624815605908121e-06,0.8280000000000006,1.747912565234112e-06,0.8280000000000006,1.878778533950183e-06,0.8280000000000006,2.017883332222893e-06,0.8280000000000006,2.165745582315119e-06,0.8280000000000006,2.322964161493134e-06,0.8280000000000006,2.49028298674706e-06,0.8280000000000006,2.668725149253342e-06,0.8280000000000006,2.859870873082351e-06,0.8280000000000006,3.066432815775685e-06,0.8280000000000006,3.293444144052131e-06,0.8280000000000006,3.550705419687596e-06,0.8280000000000006,3.857808757860051e-06,0.8280000000000006,4.254419351074558e-06,0.8280000000000006,4.821236162071801e-06,0.8280000000000006,5.722531052841614e-06
0.8460000000000006,1.076801648385067e-06,0.8460000000000006,1.164308829155613e-06,0.8460000000000006,1.257439427558609e-06,0.8460000000000006,1.356536523361384e-06,0.8460000000000006,1.461959296255217e-06,0.8460000000000006,1.574084501121158e-06,0.8460000000000006,1.693308404992998e-06,0.8460000000000006,1.820049758354692e-06,0.8460000000000006,1.954754982846319e-06,0.8460000000000006,2.097908038704564e-06,0.8460000000000006,2.250050104962608e-06,0.8460000000000006,2.411819764948638e-06,0.8460000000000006,2.584035885807121e-06,0.8460000000000006,2.767869123360255e-06,0.8460000000000006,2.965196830108051e-06,0.8460000000000006,3.179336350674337e-06,0.8460000000000006,3.41655661429558e-06,0.8460000000000006,3.689185578937766e-06,0.8460000000000006,4.021978985722758e-06,0.8460000000000006,4.465129244989808e-06,0.8460000000000006,5.120734047770539e-06
0.8640000000000007,1.045450426549797e-06,0.8640000000000007,1.130380768197195e-06,0.8640000000000007,1.220768857070914e-06,0.8640000000000007,1.316947560169309e-06,0.8640000000000007,1.419265236857635e-06,0.8640000000000007,1.528087016794451e-06,0.8640000000000007,1.643796348383279e-06,0.8640000000000007,1.766797177582171e-06,0.8640000000000007,1.897517489171357e-06,0.8640000000000007,2.036415727762827e-06,0.8640000000000007,2.183993267244216e-06,0.8640000000000007,2.340819520382206e-06,0.8640000000000007,2.507583388669337e-06,0.8640000000000007,2.68519942902484e-06,0.8640000000000007,2.875027358869775e-06,0.8640000000000007,3.079325626014322e-06,0.8640000000000007,3.30218697320639e-06,0.8640000000000007,3.551463601423866e-06,0.8640000000000007,3.842717881120414e-06,0.8640000000000007,4.207305205235277e-06,0.8640000000000007,4.708854508248937e-06
0.8820000000000007,1.016974108307901e-06,0.8820000000000007,1.099557807570011e-06,0.8820000000000007,1.187448412073597e-06,0.8820000000000007,1.280969524981068e-06,0.8820000000000007,1.380459732626475e-06,0.8820000000000007,1.486273752094718e-06,0.8820000000000007,1.598783733820429e-06,0.8820000000000007,1.718380947506063e-06,0.8820000000000007,1.845478306267216e-06,0.8820000000000007,1.980514669141214e-06,0.8820000000000007,2.123962878819021e-06,0.8820000000000007,2.276345610562029e-06,0.8820000000000007,2.438267502812135e-06,0.8820000000000007,2.610481135239219e-06,0.8820000000000007,2.794023169272762e-06,0.8820000000000007,2.990495522891712e-06,0.8820000000000007,3.202645507954108e-06,0.8820000000000007,3.435560502565673e-06,0.8820000000000007,3.699122198378149e-06,0.8820000000000007,4.013034700868994e-06,0.8820000000000007,4.417094456944905e-06
0.9,9.910526215355344e-07,0.9,1.071493418388086e-06,0.9,1.157103392067136e-06,0.9,1.248197708764385e-06,0.9,1.345106079027507e-06,0.9,1.448173818037267e-06,0.9,1.557762989194675e-06,0.9,1.674253779673233e-06,0.9,1.798046393759129e-06,0.9,1.929564046033325e-06,0.9,2.069258268956351e-06,0.9,2.21761905734702e-06,0.9,2.375195098626383e-06,0.9,2.542634978498831e-06,0.9,2.720771895233173e-06,0.9,2.910798385967922e-06,0.9,3.114626766715819e-06,0.9,3.335631720128623e-06,0.9,3.580177101671215e-06,0.9,3.860747556973356e-06,0.9,4.202354291168046e-06
