/Q_2 (VDDL=0.4) X,/Q_2 (VDDL=0.4) Y,/Q_2 (VDDL=0.425) X,/Q_2 (VDDL=0.425) Y,/Q_2 (VDDL=0.45) X,/Q_2 (VDDL=0.45) Y,/Q_2 (VDDL=0.475) X,/Q_2 (VDDL=0.475) Y,/Q_2 (VDDL=0.5) X,/Q_2 (VDDL=0.5) Y,/Q_2 (VDDL=0.525) X,/Q_2 (VDDL=0.525) Y,/Q_2 (VDDL=0.55) X,/Q_2 (VDDL=0.55) Y,/Q_2 (VDDL=0.575) X,/Q_2 (VDDL=0.575) Y,/Q_2 (VDDL=0.6) X,/Q_2 (VDDL=0.6) Y,/Q_2 (VDDL=0.625) X,/Q_2 (VDDL=0.625) Y,/Q_2 (VDDL=0.65) X,/Q_2 (VDDL=0.65) Y,/Q_2 (VDDL=0.675) X,/Q_2 (VDDL=0.675) Y,/Q_2 (VDDL=0.7) X,/Q_2 (VDDL=0.7) Y,/Q_2 (VDDL=0.725) X,/Q_2 (VDDL=0.725) Y,/Q_2 (VDDL=0.75) X,/Q_2 (VDDL=0.75) Y,/Q_2 (VDDL=0.775) X,/Q_2 (VDDL=0.775) Y,/Q_2 (VDDL=0.8) X,/Q_2 (VDDL=0.8) Y,/Q_2 (VDDL=0.825) X,/Q_2 (VDDL=0.825) Y,/Q_2 (VDDL=0.85) X,/Q_2 (VDDL=0.85) Y,/Q_2 (VDDL=0.875) X,/Q_2 (VDDL=0.875) Y,/Q_2 (VDDL=0.9) X,/Q_2 (VDDL=0.9) Y
0,0.006970608125776111,0,0.009737114731385528,0,0.01353650177206094,0,0.01853279563089747,0,0.02480220797354214,0,0.03231596245276228,0,0.04094896012838197,0,0.05050809698324334,0,0.06076999488631055,0,0.0715149416261343,0,0.08254901998629383,0,0.09371262760019922,0,0.1048803414061548,0,0.1159565239084438,0,0.1268697372136712,0,0.137567424713714,0,0.1480113951052767,0,0.1581742094003267,0,0.16803639476868,0,0.1775843484192326,0,0.1868087854337117
0.018,0.004602785801533156,0.018,0.006573981454267607,0.018,0.009381851656464452,0.018,0.01322343958749857,0.018,0.0182398610643246,0.018,0.02448374500462412,0.018,0.03191040702562415,0.018,0.04039120459106846,0.018,0.04974212469142858,0.018,0.05975628926113499,0.018,0.07023582880949993,0.018,0.08100469345260414,0.018,0.09191736864884102,0.018,0.102857766191374,0.018,0.1137355238740634,0.018,0.1244814297721349,0.018,0.1350430513770093,0.018,0.1453809781375588,0.018,0.1554657674615986,0.018,0.165275546991196,0.018,0.1747941737408639
0.036,0.003010261000022859,0.036,0.004384620228341615,0.036,0.006409063938123775,0.036,0.00928680291488587,0.036,0.01319926364114513,0.036,0.01826523631502512,0.036,0.0245159712361201,0.036,0.03189317984383206,0.036,0.04026556220258062,0.036,0.04945664621872481,0.036,0.05927429312106493,0.036,0.06953712924565969,0.036,0.08008433886526804,0.036,0.09078231166404607,0.036,0.1015232809506367,0.036,0.1122220794634794,0.036,0.1228122545138345,0.036,0.1332423666488855,0.036,0.1434727898415614,0.036,0.1534730873938624,0.036,0.1632199283124358
0.05400000000000001,0.001951311136070704,0.05400000000000001,0.002890910454862412,0.05400000000000001,0.004316880456694187,0.05400000000000001,0.006417609186918983,0.05400000000000001,0.009389334614827166,0.05400000000000001,0.01339683117449864,0.05400000000000001,0.01853704113905022,0.05400000000000001,0.02482158951596771,0.05400000000000001,0.03218024901803459,0.05400000000000001,0.04047962191041704,0.05400000000000001,0.04954925725648275,0.05400000000000001,0.05921103331254908,0.05400000000000001,0.06929609003672151,0.05400000000000001,0.07965701101429451,0.05400000000000001,0.09017053038661768,0.05400000000000001,0.1007364116676367,0.05400000000000001,0.1112745114557438,0.05400000000000001,0.1217213892524779,0.05400000000000001,0.1320271029965097,0.05400000000000001,0.142152437921679,0.05400000000000001,0.1520666247666397
0.07200000000000001,0.001255200590135168,0.07200000000000001,0.00188675502782675,0.07200000000000001,0.002870316257215574,0.07200000000000001,0.004366724056581627,0.07200000000000001,0.006564860473277079,0.07200000000000001,0.009652257152917527,0.07200000000000001,0.01377583211716951,0.07200000000000001,0.01901108556401566,0.07200000000000001,0.02535151632442131,0.07200000000000001,0.03271637546843943,0.07200000000000001,0.04097056858307304,0.07200000000000001,0.04994990162243775,0.07200000000000001,0.05948702165306526,0.07200000000000001,0.06942532766538057,0.07200000000000001,0.07962865487608399,0.07200000000000001,0.08998290609395282,0.07200000000000001,0.1003947137112845,0.07200000000000001,0.1107887246100543,0.07200000000000001,0.1211045837333148,0.07200000000000001,0.1312941163194537,0.07200000000000001,0.141318899379139
0.09000000000000001,0.0008021760421799273,0.09000000000000001,0.001220640073342379,0.09000000000000001,0.001886762130956758,0.09000000000000001,0.002929167407900965,0.09000000000000001,0.004514118470726656,0.09000000000000001,0.006829547215173913,0.09000000000000001,0.01005218169524106,0.09000000000000001,0.01430991162254838,0.09000000000000001,0.01965731837664795,0.09000000000000001,0.02607121442836138,0.09000000000000001,0.0334616322312297,0.09000000000000001,0.04169216181986467,0.09000000000000001,0.05060554763096368,0.09000000000000001,0.06004318391729504,0.09000000000000001,0.06985972560154144,0.09000000000000001,0.07992900881434357,0.09000000000000001,0.09014516867621848,0.09000000000000001,0.1004211275450851,0.09000000000000001,0.1106860524555568,0.09000000000000001,0.1208826363515548,0.09000000000000001,0.1309645939416496
0.108,0.0005098487388354713,0.108,0.0007838494366753356,0.108,0.001228037818809699,0.108,0.001940054393022676,0.108,0.003056206591514348,0.108,0.004747525727595446,0.108,0.007198996587178312,0.108,0.01057426424278594,0.108,0.0149812663304197,0.108,0.02045442516907905,0.108,0.02695534424457454,0.108,0.03438622823312623,0.108,0.04261031118365122,0.108,0.05147626312711385,0.108,0.06083454046211482,0.108,0.07054965456817376,0.108,0.08050444568790074,0.108,0.09060050012796259,0.108,0.1007565084562584,0.108,0.1109058695176751,0.108,0.1209942199982468
0.126,0.0003225429288148916,0.126,0.0005002172610284543,0.126,0.0007926093541644203,0.126,0.001270838009764317,0.126,0.002040470906831657,0.126,0.003245634194744771,0.126,0.005060904184984654,0.126,0.0076658552901105,0.126,0.01120882479906858,0.126,0.0157772865744844,0.126,0.02138653729388542,0.126,0.02798452410553278,0.126,0.03546690751948151,0.126,0.04369755411053799,0.126,0.05253093755413456,0.126,0.06182607133141575,0.126,0.07145648676496986,0.126,0.08131319791680668,0.126,0.09130456713295815,0.126,0.1013545753164395,0.126,0.1114005595117512
0.144,0.0002032189040571212,0.144,0.0003175217689870017,0.144,0.0005079531115384665,0.144,0.0008246511601674735,0.144,0.001345751589289928,0.144,0.002185407602222946,0.144,0.00349526728505949,0.144,0.005451633144593026,0.144,0.008225907293554021,0.144,0.01194918597337384,0.144,0.01668846234623609,0.144,0.0224411884996214,0.144,0.02914326710527901,0.144,0.03668489327595921,0.144,0.04493217800905232,0.144,0.05374471568445754,0.144,0.06298987058357647,0.144,0.07254948399383047,0.144,0.08232202674482895,0.144,0.0922220387778496,0.144,0.1021783501992009
0.162,0.0001275575781087864,0.162,0.0002006161230329188,0.162,0.0003235612474449418,0.162,0.0005308437960503105,0.162,0.0008782546597547008,0.162,0.001451821347930477,0.162,0.002374695371235816,0.162,0.003805225654030834,0.162,0.005919068866026598,0.162,0.008876617393476886,0.162,0.0127902787003057,0.162,0.01770704306659982,0.162,0.02360799462399752,0.162,0.03041857365965575,0.162,0.03802522630739021,0.162,0.0462962059975422,0.162,0.0550971410168348,0.162,0.0643030707448259,0.162,0.0738035188890344,0.162,0.08350377631884429,0.162,0.09332402091500769
0.18,7.976392610972741e-05,0.18,0.0001262081539007332,0.18,0.0002050098247278789,0.18,0.0003393667632920641,0.18,0.0005680006424264225,0.18,0.0009532245939632643,0.18,0.001589744884391402,0.18,0.002609778719150984,0.18,0.004176970096253221,0.18,0.006463516437874594,0.18,0.009616135560346323,0.18,0.01372770521844236,0.18,0.0188261209154616,0.18,0.02487768071570169,0.18,0.03179880824776395,0.18,0.03947413038959394,0.18,0.04777411777049129,0.18,0.05657070448111418,0.18,0.06574621804241261,0.18,0.07519729192133662,0.18,0.08483545979494345
0.1980000000000001,4.966896235037093e-05,0.1980000000000001,7.905541811003215e-05,0.1980000000000001,0.0001292531199275331,0.1980000000000001,0.0002156343634019874,0.1980000000000001,0.0003644779660662477,0.1980000000000001,0.0006195229926989493,0.1980000000000001,0.001050484320413235,0.1980000000000001,0.001761369845364493,0.1980000000000001,0.002893084249092267,0.1980000000000001,0.004612560110514768,0.1980000000000001,0.00708546051564098,0.1980000000000001,0.01044257339900909,0.1980000000000001,0.01475704842184344,0.1980000000000001,0.02003892463298168,0.1980000000000001,0.02624140102648001,0.1980000000000001,0.03327363002063725,0.1980000000000001,0.04101910642812237,0.1980000000000001,0.04935175304693518,0.1980000000000001,0.05814960325643696,0.1980000000000001,0.06730189009345651,0.1980000000000001,0.07671182155816551
0.2160000000000001,3.077184086001884e-05,0.2160000000000001,4.928412417361248e-05,0.2160000000000001,8.108564047370364e-05,0.2160000000000001,0.0001362328562795475,0.2160000000000001,0.0002322446992202049,0.2160000000000001,0.000399065845933271,0.2160000000000001,0.0006862539641321271,0.2160000000000001,0.001171769433996502,0.2160000000000001,0.001969289600960204,0.2160000000000001,0.003227491780403689,0.2160000000000001,0.005114034286365733,0.2160000000000001,0.007784943367274177,0.2160000000000001,0.01135342043596277,0.2160000000000001,0.01587328729371008,0.2160000000000001,0.02133819409628686,0.2160000000000001,0.02768988686161811,0.2160000000000001,0.03483193275676214,0.2160000000000001,0.04264775517071077,0.2160000000000001,0.05101527741045048,0.2160000000000001,0.0598185811981968,0.2160000000000001,0.06895341665054396
0.2340000000000001,1.89400283556035e-05,0.2340000000000001,3.054993059751247e-05,0.2340000000000001,5.059137508581776e-05,0.2340000000000001,8.557388831774173e-05,0.2340000000000001,0.0001470092813920239,0.2340000000000001,0.000254992929825487,0.2340000000000001,0.0004437849930661661,0.2340000000000001,0.0007695953876627422,0.2340000000000001,0.001319375516571755,0.2340000000000001,0.00221648098739585,0.2340000000000001,0.003615844948013801,0.2340000000000001,0.005682849700201173,0.2340000000000001,0.008561016658341919,0.2340000000000001,0.0123450147750059,0.2340000000000001,0.01707023499953056,0.2340000000000001,0.02271553139223014,0.2340000000000001,0.02921275563472563,0.2340000000000001,0.03646188847314026,0.2340000000000001,0.04434685252844658,0.2340000000000001,0.05275014189077829,0.2340000000000001,0.06156177468430164
0.2520000000000001,1.155799163776526e-05,0.2520000000000001,1.880231615076093e-05,0.2520000000000001,3.136341105047177e-05,0.2520000000000001,5.34166460442032e-05,0.2520000000000001,9.243631354584648e-05,0.2520000000000001,0.0001616906092060918,0.2520000000000001,0.0002843386601721825,0.2520000000000001,0.0004996622809070527,0.2520000000000001,0.0008713544614100697,0.2520000000000001,0.001495923016435577,0.2520000000000001,0.00250594299043599,0.2520000000000001,0.00406046618236824,0.2520000000000001,0.00631935118151832,0.2520000000000001,0.00941123234656697,0.2520000000000001,0.01341203158216814,0.2520000000000001,0.01833997346876884,0.2520000000000001,0.02416081448338231,0.2520000000000001,0.03079831300111481,0.2520000000000001,0.0381498977490633,0.2520000000000001,0.04610140250798259,0.2520000000000001,0.05454002346212714
0.2700000000000001,6.975415563131604e-06,0.2700000000000001,1.14677088129892e-05,0.2700000000000001,1.929177700002328e-05,0.2700000000000001,3.31036432599519e-05,0.2700000000000001,5.770594300106667e-05,0.2700000000000001,0.0001017406588764218,0.2700000000000001,0.0001805777317753935,0.2700000000000001,0.0003209834621471167,0.2700000000000001,0.000568007478948643,0.2700000000000001,0.0009936018745006687,0.2700000000000001,0.001704116050263298,0.2700000000000001,0.002840320124258621,0.2700000000000001,0.004562677135911831,0.2700000000000001,0.007022283082265844,0.2700000000000001,0.01033118678615975,0.2700000000000001,0.01454701363706687,0.2700000000000001,0.01967232990538782,0.2700000000000001,0.02566147793649931,0.2700000000000001,0.03243190380322191,0.2700000000000001,0.03987979686159072,0.2700000000000001,0.0478937324268539
0.2880000000000001,4.152407519962401e-06,0.2880000000000001,6.916081434813514e-06,0.2880000000000001,1.17537092175841e-05,0.2880000000000001,2.034126214033072e-05,0.2880000000000001,3.573553639572527e-05,0.2880000000000001,6.34989670048618e-05,0.2880000000000001,0.0001136755117955511,0.2880000000000001,0.000204127916392239,0.2880000000000001,0.0003658232828595296,0.2880000000000001,0.0006503374824295984,0.2880000000000001,0.00113853254151011,0.2880000000000001,0.001946492931106878,0.2880000000000001,0.003221528946924194,0.2880000000000001,0.005122371174752577,0.2880000000000001,0.00778840706499975,0.2880000000000001,0.01131419301129859,0.2880000000000001,0.01574004162092577,0.2880000000000001,0.02105451708063355,0.2880000000000001,0.02720211871469367,0.2880000000000001,0.03409608383067064,0.2880000000000001,0.04163226572850262
0.3060000000000002,2.433004974990853e-06,0.3060000000000002,4.116110148297733e-06,0.3060000000000002,7.080717912218794e-06,0.3060000000000002,1.237573997661126e-05,0.3060000000000002,2.192915571283471e-05,0.3060000000000002,3.928287702906138e-05,0.3060000000000002,7.09127266335084e-05,0.3060000000000002,0.000128532532910189,0.3060000000000002,0.0002329340757138019,0.3060000000000002,0.0004199172071375615,0.3060000000000002,0.0007483141568223391,0.3060000000000002,0.00130833537860612,0.3060000000000002,0.002225193192270938,0.3060000000000002,0.003650446421831269,0.3060000000000002,0.005737731325717001,0.3060000000000002,0.008612338957003977,0.3060000000000002,0.01235121525083444,0.3060000000000002,0.01697871325494574,0.3060000000000002,0.02247106712411785,0.3060000000000002,0.02876489145738686,0.3060000000000002,0.03577039211010106
0.3240000000000002,1.401949110758837e-06,0.3240000000000002,2.414427501671041e-06,0.3240000000000002,4.212273111756284e-06,0.3240000000000002,7.44640993363704e-06,0.3240000000000002,1.332196420747753e-05,0.3240000000000002,2.407153735196291e-05,0.3240000000000002,4.382029405709502e-05,0.3240000000000002,8.013448404221334e-05,0.3240000000000002,0.0001467012648483191,0.3240000000000002,0.0002677200523936052,0.3240000000000002,0.0004844751259166159,0.3240000000000002,0.0008637035545374242,0.3240000000000002,0.001505092872640564,0.3240000000000002,0.002541789538981339,0.3240000000000002,0.004126747971486864,0.3240000000000002,0.006405210918395039,0.3240000000000002,0.00948673612085316,0.3240000000000002,0.01343122026405657,0.3240000000000002,0.01824860204974198,0.3240000000000002,0.02390439238385693,0.3240000000000002,0.03032939303062039
0.3420000000000002,7.953647743192395e-07,0.3420000000000002,1.396018431011283e-06,0.3420000000000002,2.473645340494798e-06,0.3420000000000002,4.428722299988661e-06,0.3420000000000002,8.007843887296205e-06,0.3420000000000002,1.46047552387592e-05,0.3420000000000002,2.681834048182584e-05,0.3420000000000002,4.947119871751166e-05,0.3420000000000002,9.142338952300262e-05,0.3420000000000002,0.0001686762308682304,0.3420000000000002,0.0003093526851521527,0.3420000000000002,0.0005608676003897442,0.3420000000000002,0.0009983659432108273,0.3420000000000002,0.001730734595817963,0.3420000000000002,0.002897235935992995,0.3420000000000002,0.004648973573417879,0.3420000000000002,0.007119860090252117,0.3420000000000002,0.01040291268892656,0.3420000000000002,0.01454203233925138,0.3420000000000002,0.01953436498390156,0.3420000000000002,0.02533643648938428
0.3600000000000002,4.457873300457959e-07,0.3600000000000002,7.970944749219202e-07,0.3600000000000002,1.435300768089829e-06,0.3600000000000002,2.6047198952919e-06,0.3600000000000002,4.763880384992173e-06,0.3600000000000002,8.774914248240518e-06,0.3600000000000002,1.625862318286075e-05,0.3600000000000002,3.025280574982388e-05,0.3600000000000002,5.641067096372528e-05,0.3600000000000002,0.0001051194194689334,0.3600000000000002,0.0001950745859367256,0.3600000000000002,0.000358868594733662,0.3600000000000002,0.0006506558931623097,0.3600000000000002,0.001154276709872263,0.3600000000000002,0.001987052343172649,0.3600000000000002,0.003291950174548143,0.3600000000000002,0.005214833197367344,0.3600000000000002,0.007875971288345166,0.3600000000000002,0.01135181489827594,0.3600000000000002,0.01567160235069043,0.3600000000000002,0.02082122080378799
0.3780000000000002,2.481804648303981e-07,0.3780000000000002,4.509927357627891e-07,0.3780000000000002,8.247189990960607e-07,0.3780000000000002,1.517221738441901e-06,0.3780000000000002,2.807831919129406e-06,0.3780000000000002,5.225351892374608e-06,0.3780000000000002,9.77140342841327e-06,0.3780000000000002,1.833980086702463e-05,0.3780000000000002,3.449336453967364e-05,0.3780000000000002,6.487182385714622e-05,0.3780000000000002,0.0001216571758866801,0.3780000000000002,0.000226660184516728,0.3780000000000002,0.0004175085475197701,0.3780000000000002,0.0007556302205045406,0.3780000000000002,0.001333560268652787,0.3780000000000002,0.002275752625189579,0.3780000000000002,0.003725989798951504,0.3780000000000002,0.005821659445849292,0.3780000000000002,0.008667870017931989,0.3780000000000002,0.01232510592230555,0.3780000000000002,0.01680935622576487
0.3960000000000002,1.381846136383149e-07,0.3960000000000002,2.540350906373479e-07,0.3960000000000002,4.708067458670952e-07,0.3960000000000002,8.773500281292236e-07,0.3960000000000002,1.642602007886052e-06,0.3960000000000002,3.088495985669438e-06,0.3960000000000002,5.829093192635966e-06,0.3960000000000002,1.103457292132964e-05,0.3960000000000002,2.092709995980584e-05,0.3960000000000002,3.969717772156507e-05,0.3960000000000002,7.515417022249767e-05,0.3960000000000002,0.0001415817040679098,0.3960000000000002,0.0002643684888945855,0.3960000000000002,0.0004867486200429563,0.3960000000000002,0.0008778367965519139,0.3960000000000002,0.0015385055775886,0.3960000000000002,0.002598497852908378,0.3960000000000002,0.004199234598589946,0.3960000000000002,0.00646684365793398,0.3960000000000002,0.009490592736691564,0.3960000000000002,0.0133160172740351
0.4140000000000003,7.755372195338056e-08,0.4140000000000003,1.432274814949845e-07,0.4140000000000003,2.680570746157002e-07,0.4140000000000003,5.051092952911402e-07,0.4140000000000003,9.559325274887102e-07,0.4140000000000003,1.81528902676562e-06,0.4140000000000003,3.457130541635282e-06,0.4140000000000003,6.599178388006165e-06,0.4140000000000003,1.261560997923016e-05,0.4140000000000003,2.412388059532608e-05,0.4140000000000003,4.606497797535949e-05,0.4140000000000003,8.763318199179337e-05,0.4140000000000003,0.0001655644047059078,0.4140000000000003,0.0003093278648740307,0.4140000000000003,0.0005683187425611993,0.4140000000000003,0.001019576475718069,0.4140000000000003,0.001771536566872846,0.4140000000000003,0.002956894928037033,0.4140000000000003,0.004711497869985749,0.4140000000000003,0.007148114756964661,0.4140000000000003,0.01034025372536912
0.4320000000000003,4.425818596329134e-08,0.4320000000000003,8.130931024024228e-08,0.4320000000000003,1.528483202632669e-07,0.4320000000000003,2.904166748484337e-07,0.4320000000000003,5.547602015493132e-07,0.4320000000000003,1.063116110169101e-06,0.4320000000000003,2.042000272096752e-06,0.4320000000000003,3.929025931810788e-06,0.4320000000000003,7.568193035206449e-06,0.4320000000000003,1.458097799641863e-05,0.4320000000000003,2.806123804756198e-05,0.4320000000000003,5.384739462147791e-05,0.4320000000000003,0.0001027712139378887,0.4320000000000003,0.0001944188440114567,0.4320000000000003,0.0003628758492055815,0.4320000000000003,0.0006642048794849005,0.4320000000000003,0.001183369231208076,0.4320000000000003,0.002035132981746274,0.4320000000000003,0.003352427047862662,0.4320000000000003,0.005262547653344339,0.4320000000000003,0.007863624139817066
0.4500000000000003,2.59380827453693e-08,0.4500000000000003,4.678615415704178e-08,0.4500000000000003,8.767232336428633e-08,0.4500000000000003,1.672779619060247e-07,0.4500000000000003,3.218116637252996e-07,0.4500000000000003,6.215806059042367e-07,0.4500000000000003,1.203239195059225e-06,0.4500000000000003,2.332405933078165e-06,0.4500000000000003,4.524728469573642e-06,0.4500000000000003,8.778288069837911e-06,0.4500000000000003,1.701477046176049e-05,0.4500000000000003,3.290265700477303e-05,0.4500000000000003,6.335326221299597e-05,0.4500000000000003,0.0001211306065794644,0.4500000000000003,0.0002291175124662416,0.4500000000000003,0.0004265714855040088,0.4500000000000003,0.0007766366057603045,0.4500000000000003,0.001371890947407575,0.4500000000000003,0.002331720795419128,0.4500000000000003,0.0037863619615004,0.4500000000000003,0.005852078244296724
0.4680000000000003,1.578702276501835e-08,0.4680000000000003,2.750155850316011e-08,0.4680000000000003,5.083964833346146e-08,0.4680000000000003,9.68414647664406e-08,0.4680000000000003,1.870384043882227e-07,0.4680000000000003,3.634858350127919e-07,0.4680000000000003,7.083895629363425e-07,0.4680000000000003,1.382442864018998e-06,0.4680000000000003,2.699456600356956e-06,0.4680000000000003,5.270842519949393e-06,0.4680000000000003,1.02829201926108e-05,0.4680000000000003,2.002217148520957e-05,0.4680000000000003,3.885039269245685e-05,0.4680000000000003,7.496042000372879e-05,0.4680000000000003,0.0001433897716653315,0.4680000000000003,0.0002708105715611465,0.4680000000000003,0.0005022050958984977,0.4680000000000003,0.0009080635926722365,0.4680000000000003,0.001587894660178322,0.4680000000000003,0.002663561525719526,0.4680000000000003,0.00425968125171816
0.4860000000000003,1.00972097433265e-08,0.4860000000000003,1.667164652907656e-08,0.4860000000000003,2.998725313943964e-08,0.4860000000000003,5.656181057770371e-08,0.4860000000000003,1.091824563591565e-07,0.4860000000000003,2.129662559072204e-07,0.4860000000000003,4.172746114613317e-07,0.4860000000000003,8.191076396137093e-07,0.4860000000000003,1.608920352952768e-06,0.4860000000000003,3.159955667114286e-06,0.4860000000000003,6.201254922361856e-06,0.4860000000000003,1.214931126816912e-05,0.4860000000000003,2.373412108234673e-05,0.4860000000000003,4.615378567136219e-05,0.4860000000000003,8.912932775555232e-05,0.4860000000000003,0.0001703625900142934,0.4860000000000003,0.0003208466222620652,0.4860000000000003,0.0005918052338799361,0.4860000000000003,0.001061122886374211,0.4860000000000003,0.001834127259273033,0.4860000000000003,0.003032665082193465
0.5040000000000003,6.857178700859571e-09,0.5040000000000003,1.053856307536333e-08,0.5040000000000003,1.813289360900957e-08,0.5040000000000003,3.348815017620843e-08,0.5040000000000003,6.419572875198147e-08,0.5040000000000003,1.252464199134535e-07,0.5040000000000003,2.46251251828807e-07,0.5040000000000003,4.856859643786541e-07,0.5040000000000003,9.589351630669887e-07,0.5040000000000003,1.893307756004344e-06,0.5040000000000003,3.735384854390468e-06,0.5040000000000003,7.358805391971209e-06,0.5040000000000003,1.44616854119562e-05,0.5040000000000003,2.831330072397465e-05,0.5040000000000003,5.511968107893422e-05,0.5040000000000003,0.0001064196245903653,0.5040000000000003,0.0002030208675625512,0.5040000000000003,0.0003807942485831812,0.5040000000000003,0.0006976405079905722,0.5040000000000003,0.001238596562957631,0.5040000000000003,0.002113249212249579
0.5220000000000004,4.974730032402406e-09,0.5220000000000004,7.026014679419522e-09,0.5220000000000004,1.135212522215426e-08,0.5220000000000004,2.022692592847574e-08,0.5220000000000004,3.815918545729311e-08,0.5220000000000004,7.409664977882041e-08,0.5220000000000004,1.457978820263777e-07,0.5220000000000004,2.88494661587374e-07,0.5220000000000004,5.720234756035682e-07,0.5220000000000004,1.134613234862129e-06,0.5220000000000004,2.249228299044022e-06,0.5220000000000004,4.453008031547205e-06,0.5220000000000004,8.797455725515804e-06,0.5220000000000004,1.732538343448336e-05,0.5220000000000004,3.396159646364082e-05,0.5220000000000004,6.612512484237505e-05,0.5220000000000004,0.0001275096104091701,0.5220000000000004,0.0002425190888772889,0.5220000000000004,0.000452462022640059,0.5220000000000004,0.0008222126270351164,0.5220000000000004,0.001443358568612237
0.5400000000000004,3.854161269723947e-09,0.5400000000000004,4.985691977034339e-09,0.5400000000000004,7.442253180041749e-09,0.5400000000000004,1.256981333960733e-08,0.5400000000000004,2.30491993883009e-08,0.5400000000000004,4.422481980373762e-08,0.5400000000000004,8.675074536673102e-08,0.5400000000000004,1.718546862935276e-07,0.5400000000000004,3.417922877398991e-07,0.5400000000000004,6.805588945485744e-07,0.5400000000000004,1.354779379045041e-06,0.5400000000000004,2.694012750201138e-06,0.5400000000000004,5.347298437970956e-06,0.5400000000000004,1.058504366154944e-05,0.5400000000000004,2.087200182772427e-05,0.5400000000000004,4.09292501464803e-05,0.5400000000000004,7.963252780420506e-05,0.5400000000000004,0.0001532185055173739,0.5400000000000004,0.0002902202708922052,0.5400000000000004,0.0005379139261422588,0.5400000000000004,0.0009682368125094216
0.5580000000000004,3.16832947121382e-09,0.5580000000000004,3.780349454959419e-09,0.5580000000000004,5.165668257852674e-09,0.5580000000000004,8.122934391826885e-09,0.5580000000000004,1.42487584458364e-08,0.5580000000000004,2.673908432998412e-08,0.5580000000000004,5.199106798805443e-08,0.5580000000000004,1.028014384529553e-07,0.5580000000000004,2.047428710951243e-07,0.5580000000000004,4.088475942561368e-07,0.5580000000000004,8.167635511326794e-07,0.5580000000000004,1.630435341145443e-06,0.5580000000000004,3.249630375114801e-06,0.5580000000000004,6.461755662981733e-06,0.5580000000000004,1.280674155989265e-05,0.5580000000000004,2.526575193554749e-05,0.5580000000000004,4.952595970508456e-05,0.5580000000000004,9.620749118899504e-05,0.5580000000000004,0.0001845311814021076,0.5580000000000004,0.0003477212732747241,0.5580000000000004,0.0006394767174963253
0.5760000000000004,2.736056724172262e-09,0.5760000000000004,3.054584009765412e-09,0.5760000000000004,3.825125245388537e-09,0.5760000000000004,5.523060933736628e-09,0.5760000000000004,9.101338404782639e-09,0.5760000000000004,1.647418053207045e-08,0.5760000000000004,3.148741550287266e-08,0.5760000000000004,6.186243916407904e-08,0.5760000000000004,1.230851076056385e-07,0.5760000000000004,2.461702011371059e-07,0.5760000000000004,4.931216851941383e-07,0.5760000000000004,9.876111985293239e-07,0.5760000000000004,1.975551534088751e-06,0.5760000000000004,3.943878039459939e-06,0.5760000000000004,7.851201475683937e-06,0.5760000000000004,1.556937565489758e-05,0.5760000000000004,3.071128189129103e-05,0.5760000000000004,6.013422689813056e-05,0.5760000000000004,0.0001165394448357271,0.5760000000000004,0.0002226248004647284,0.5760000000000004,0.0004168754142862939
0.5940000000000004,2.456067223279484e-09,0.5940000000000004,2.609004918971402e-09,0.5940000000000004,3.026334988204389e-09,0.5940000000000004,3.99214404324392e-09,0.5940000000000004,6.076722557648371e-09,0.5940000000000004,1.042884922554323e-08,0.5940000000000004,1.936410550580693e-08,0.5940000000000004,3.754722706100623e-08,0.5940000000000004,7.436485160191503e-08,0.5940000000000004,1.486785196763553e-07,0.5940000000000004,2.983229981064973e-07,0.5940000000000004,5.990287514625142e-07,0.5940000000000004,1.20196909691761e-06,0.5940000000000004,2.407840949117433e-06,0.5940000000000004,4.811890105477528e-06,0.5940000000000004,9.584668809952883e-06,0.5940000000000004,1.900679939391148e-05,0.5940000000000004,3.746324794893073e-05,0.5940000000000004,7.322526606794624e-05,0.5940000000000004,0.0001414651392324735,0.5940000000000004,0.0002688964222953365
0.6120000000000004,2.271219098907669e-09,0.6120000000000004,2.331052110636307e-09,0.6120000000000004,2.545374136008044e-09,0.6120000000000004,3.084811973113257e-09,0.6120000000000004,4.291760250017253e-09,0.6120000000000004,6.857222168445211e-09,0.6120000000000004,1.217792089853748e-08,0.6120000000000004,2.307611453833521e-08,0.6120000000000004,4.524832028783818e-08,0.6120000000000004,9.017599521528209e-08,0.6120000000000004,1.809609508115959e-07,0.6120000000000004,3.639918181290931e-07,0.6120000000000004,7.32188280502608e-07,0.6120000000000004,1.471099482467979e-06,0.6120000000000004,2.949745346863076e-06,0.6120000000000004,5.898049418753693e-06,0.6120000000000004,1.174902700625438e-05,0.6120000000000004,2.328655496597898e-05,0.6120000000000004,4.583796059355296e-05,0.6120000000000004,8.937776986039635e-05,0.6120000000000004,0.0001719948311151066
0.6300000000000004,2.149006711549373e-09,0.6300000000000004,2.15681647102005e-09,0.6300000000000004,2.254527971825181e-09,0.6300000000000004,2.545295383080146e-09,0.6300000000000004,3.235505377160018e-09,0.6300000000000004,4.741919548766828e-09,0.6300000000000004,7.908733678870172e-09,0.6300000000000004,1.444630743679135e-08,0.6300000000000004,2.78165438322211e-08,0.6300000000000004,5.501658516080754e-08,0.6300000000000004,1.101650419613321e-07,0.6300000000000004,2.216947254051758e-07,0.6300000000000004,4.467335938132065e-07,0.6300000000000004,8.997487626894861e-07,0.6300000000000004,1.809300189246624e-06,0.6300000000000004,3.629688711650348e-06,0.6300000000000004,7.258400780469118e-06,0.6300000000000004,1.445351972635888e-05,0.6300000000000004,2.861810033487577e-05,0.6300000000000004,5.622745960651802e-05,0.6300000000000004,0.0001092997626219234
0.6480000000000005,2.070829526443033e-09,0.6480000000000005,2.049845552171284e-09,0.6480000000000005,2.080677048895082e-09,0.6480000000000005,2.226238384848772e-09,0.6480000000000005,2.611561611443991e-09,0.6480000000000005,3.488804116426697e-09,0.6480000000000005,5.369372780023616e-09,0.6480000000000005,9.291679909919281e-09,0.6480000000000005,1.736284029956754e-08,0.6480000000000005,3.385271846912507e-08,0.6480000000000005,6.739928522035094e-08,0.6480000000000005,1.354441491965906e-07,0.6480000000000005,2.731292022663563e-07,0.6480000000000005,5.510799109342561e-07,0.6480000000000005,1.110801996545701e-06,0.6480000000000005,2.234721445582608e-06,0.6480000000000005,4.483667901850677e-06,0.6480000000000005,8.963693712721765e-06,0.6480000000000005,1.783543039805877e-05,0.6480000000000005,3.526292344639658e-05,0.6480000000000005,6.911638305691458e-05
0.6660000000000005,2.026004993908667e-09,0.6660000000000005,1.989280151319004e-09,0.6660000000000005,1.981828117628761e-09,0.6660000000000005,2.042491780129057e-09,0.6660000000000005,2.247523877447917e-09,0.6660000000000005,2.750082908509966e-09,0.6660000000000005,3.860780690945515e-09,0.6660000000000005,6.211322682374217e-09,0.6660000000000005,1.108634064441992e-08,0.6660000000000005,2.109513846788725e-08,0.6660000000000005,4.152899464616606e-08,0.6660000000000005,8.309787931440778e-08,0.6660000000000005,1.674349297272766e-07,0.6660000000000005,3.381344328816606e-07,0.6660000000000005,6.828039919230245e-07,0.6660000000000005,1.376912622384357e-06,0.6660000000000005,2.770406196730789e-06,0.6660000000000005,5.557268886595363e-06,0.6660000000000005,1.110321190846654e-05,0.6660000000000005,2.20671337492711e-05,0.6660000000000005,4.354690748951196e-05
0.6840000000000005,2.008383242258565e-09,0.6840000000000005,1.96315796521252e-09,0.6840000000000005,1.933803953579034e-09,0.6840000000000005,1.944720671480113e-09,0.6840000000000005,2.042841901974121e-09,0.6840000000000005,2.321661156179021e-09,0.6840000000000005,2.970412800321279e-09,0.6840000000000005,4.374228461207764e-09,0.6840000000000005,7.317679629282096e-09,0.6840000000000005,1.339770407500576e-08,0.6840000000000005,2.585976692611357e-08,0.6840000000000005,5.128763766307122e-08,0.6840000000000005,1.030104465339591e-07,0.6840000000000005,2.079540081024104e-07,0.6840000000000005,4.203727106589316e-07,0.6840000000000005,8.492626396049337e-07,0.6840000000000005,1.712794534128107e-06,0.6840000000000005,3.445614274958776e-06,0.6840000000000005,6.90821974784944e-06,0.6840000000000005,1.378958330022878e-05,0.6840000000000005,2.736484035038886e-05
0.7020000000000005,2.014455786536738e-09,0.7020000000000005,1.96464728538397e-09,0.7020000000000005,1.922696199395031e-09,0.7020000000000005,1.904310129735061e-09,0.7020000000000005,1.938759787618542e-09,0.7020000000000005,2.083505611168904e-09,0.7020000000000005,2.454274633583507e-09,0.7020000000000005,3.286454271265225e-09,0.7020000000000005,5.060115277480306e-09,0.7020000000000005,8.754149755126118e-09,0.7020000000000005,1.63619271746979e-08,0.7020000000000005,3.193553353807169e-08,0.7020000000000005,6.369589519204657e-08,0.7020000000000005,1.282864169092685e-07,0.7020000000000005,2.593230189356527e-07,0.7020000000000005,5.245187380780483e-07,0.7020000000000005,1.059834097755521e-06,0.7020000000000005,2.13717471849335e-06,0.7020000000000005,4.297507014632879e-06,0.7020000000000005,8.609619646233575e-06,0.7020000000000005,1.71648077602983e-05
0.7200000000000005,2.042368426902126e-09,0.7200000000000005,1.989991679728798e-09,0.7200000000000005,1.940637726058312e-09,0.7200000000000005,1.904771136264056e-09,0.7200000000000005,1.900999335545779e-09,0.7200000000000005,1.96498037774924e-09,0.7200000000000005,2.167843804758599e-09,0.7200000000000005,2.653883350525095e-09,0.7200000000000005,3.717458780187629e-09,0.7200000000000005,5.959606403612512e-09,0.7200000000000005,1.060639518032554e-08,0.7200000000000005,2.015484984678554e-08,0.7200000000000005,3.968080083199437e-08,0.7200000000000005,7.948101144967216e-08,0.7200000000000005,1.603970967776778e-07,0.7200000000000005,3.245101691248834e-07,0.7200000000000005,6.565421495305061e-07,0.7200000000000005,1.326478764749593e-06,0.7200000000000005,2.67389633752065e-06,0.7200000000000005,5.373289264948652e-06,0.7200000000000005,1.075401713129278e-05
0.7380000000000005,2.091457570092894e-09,0.7380000000000005,2.037434598945004e-09,0.7380000000000005,1.983474715504874e-09,0.7380000000000005,1.93687613474484e-09,0.7380000000000005,1.909799849655671e-09,0.7380000000000005,1.924690830177838e-09,0.7380000000000005,2.025576349314831e-09,0.7380000000000005,2.301243992880942e-09,0.7380000000000005,2.932614614808089e-09,0.7380000000000005,4.28937794465643e-09,0.7380000000000005,7.126768639090988e-09,0.7380000000000005,1.298550887425763e-08,0.7380000000000005,2.500308277895398e-08,0.7380000000000005,4.955589204218202e-08,0.7380000000000005,9.9575392777078e-08,0.7380000000000005,2.01226456165808e-07,0.7380000000000005,4.073120635431296e-07,0.7380000000000005,8.24070090746178e-07,0.7380000000000005,1.664457315140783e-06,0.7380000000000005,3.353327136794787e-06,0.7380000000000005,6.732931132059897e-06
0.7560000000000006,2.162037251958052e-09,0.7560000000000006,2.106655404031156e-09,0.7560000000000006,2.049478053028918e-09,0.7560000000000006,1.995894317563265e-09,0.7560000000000006,1.954167993780254e-09,0.7560000000000006,1.938728718325599e-09,0.7560000000000006,1.977110754785617e-09,0.7560000000000006,2.124229747757741e-09,0.7560000000000006,2.491608893663538e-09,0.7560000000000006,3.307089859168625e-09,0.7560000000000006,5.036605595185926e-09,0.7560000000000006,8.63207593377839e-09,0.7560000000000006,1.603510047339133e-08,0.7560000000000006,3.11983267050425e-08,0.7560000000000006,6.215198297313054e-08,0.7560000000000006,1.251747809926333e-07,0.7560000000000006,2.531879031831796e-07,0.7560000000000006,5.125874698691908e-07,0.7560000000000006,1.036852665848608e-06,0.7560000000000006,2.093250578893592e-06,0.7560000000000006,4.214157365212856e-06
0.7740000000000006,2.255287522038018e-09,0.7740000000000006,2.198457126703558e-09,0.7740000000000006,2.138612178389432e-09,0.7740000000000006,2.079999139195647e-09,0.7740000000000006,2.028532586855149e-09,0.7740000000000006,1.993781578752076e-09,0.7740000000000006,1.993235716467461e-09,0.7740000000000006,2.06111403955774e-09,0.7740000000000006,2.266425869089104e-09,0.7740000000000006,2.74991850034683e-09,0.7740000000000006,3.799529281356863e-09,0.7740000000000006,6.00420528107423e-09,0.7740000000000006,1.056692089132369e-08,0.7740000000000006,1.994042990771265e-08,0.7740000000000006,3.911582953273153e-08,0.7740000000000006,7.822833056845719e-08,0.7740000000000006,1.578131818644175e-07,0.7740000000000006,3.193746795145761e-07,0.7740000000000006,6.465579848905877e-07,0.7740000000000006,1.307360712357853e-06,0.7740000000000006,2.637738122085345e-06
0.7920000000000006,2.373192054990563e-09,0.7920000000000006,2.314589151842568e-09,0.7920000000000006,2.252114078997075e-09,0.7920000000000006,2.189343736255483e-09,0.7920000000000006,2.13078886777656e-09,0.7920000000000006,2.083079375517355e-09,0.7920000000000006,2.057589037981732e-09,0.7920000000000006,2.075880484376054e-09,0.7920000000000006,2.180886692516077e-09,0.7920000000000006,2.459808946089085e-09,0.7920000000000006,3.090929699601572e-09,0.7920000000000006,4.439166345801129e-09,0.7920000000000006,7.250782689912743e-09,0.7920000000000006,1.304943963312208e-08,0.7920000000000006,2.494019498966833e-08,0.7920000000000006,4.923819815230076e-08,0.7920000000000006,9.876028250909908e-08,0.7920000000000006,1.994594537002386e-07,0.7920000000000006,4.037536516129137e-07,0.7920000000000006,8.171950219487946e-07,0.7920000000000006,1.651553942322559e-06
0.8100000000000006,2.518516405119605e-09,0.8100000000000006,2.457658455537733e-09,0.8100000000000006,2.392263757572001e-09,0.8100000000000006,2.325535568454641e-09,0.8100000000000006,2.261163311189842e-09,0.8100000000000006,2.204014047562561e-09,0.8100000000000006,2.16174616671494e-09,0.8100000000000006,2.14818280864118e-09,0.8100000000000006,2.190248317552482e-09,0.8100000000000006,2.342184683599332e-09,0.8100000000000006,2.714638076810985e-09,0.8100000000000006,3.534087903954735e-09,0.8100000000000006,5.264089867065748e-09,0.8100000000000006,8.852212973994008e-09,0.8100000000000006,1.623205226124742e-08,0.8100000000000006,3.134176921473141e-08,0.8100000000000006,6.218615235638244e-08,0.8100000000000006,1.250012538764657e-07,0.8100000000000006,2.526419278673369e-07,0.8100000000000006,5.114151071891367e-07,0.8100000000000006,1.034718283274197e-06
0.8280000000000006,2.694824442231858e-09,0.8280000000000006,2.631108743285215e-09,0.8280000000000006,2.562279044241808e-09,0.8280000000000006,2.491356474786566e-09,0.8280000000000006,2.421572724211774e-09,0.8280000000000006,2.356756786250333e-09,0.8280000000000006,2.30232446690638e-09,0.8280000000000006,2.26737307086091e-09,0.8280000000000006,2.268996197843866e-09,0.8280000000000006,2.341128688765808e-09,0.8280000000000006,2.552649768986945e-09,0.8280000000000006,3.044393756769642e-09,0.8280000000000006,4.104726191095194e-09,0.8280000000000006,6.323647447962075e-09,0.8280000000000006,1.090648235539382e-08,0.8280000000000006,2.031123051323701e-08,0.8280000000000006,3.954091265559977e-08,0.8280000000000006,7.875827935848212e-08,0.8280000000000006,1.585628051358646e-07,0.8280000000000006,3.206092917158178e-07,0.8280000000000006,6.488951882011133e-07
0.8460000000000006,2.906535610396008e-09,0.8460000000000006,2.839252969797807e-09,0.8460000000000006,2.766299849066803e-09,0.8460000000000006,2.690642557229906e-09,0.8460000000000006,2.615288176301372e-09,0.8460000000000006,2.543479004987968e-09,0.8460000000000006,2.479296471054344e-09,0.8460000000000006,2.428965299628865e-09,0.8460000000000006,2.403546402487099e-09,0.8460000000000006,2.424455548292592e-09,0.8460000000000006,2.534753900321987e-09,0.8460000000000006,2.822232762227988e-09,0.8460000000000006,3.466579363780981e-09,0.8460000000000006,4.835637571980841e-09,0.8460000000000006,7.681577047703957e-09,0.8460000000000006,1.353997283433832e-08,0.8460000000000006,2.55401518014991e-08,0.8460000000000006,5.004728316036697e-08,0.8460000000000006,9.998246163225618e-08,0.8460000000000006,2.015182050810916e-07,0.8460000000000006,4.075387553785505e-07
0.8640000000000007,3.159035049052203e-09,0.8640000000000007,3.087370381290269e-09,0.8640000000000007,3.009453309876202e-09,0.8640000000000007,2.928286923887803e-09,0.8640000000000007,2.846807537061329e-09,0.8640000000000007,2.767957512840213e-09,0.8640000000000007,2.695048807196215e-09,0.8640000000000007,2.632577933236853e-09,0.8640000000000007,2.587913879143221e-09,0.8640000000000007,2.574755153924798e-09,0.8640000000000007,2.620191228355486e-09,0.8640000000000007,2.779128279063316e-09,0.8640000000000007,3.163765223223641e-09,0.8640000000000007,4.003785535918352e-09,0.8640000000000007,5.7691363133299e-09,0.8640000000000007,9.420086583154208e-09,0.8640000000000007,1.691562139562695e-08,0.8640000000000007,3.224510239946548e-08,0.8640000000000007,6.351748053093446e-08,0.8640000000000007,1.271824716239662e-07,0.8640000000000007,2.565365052742621e-07
0.8820000000000007,3.459212557180565e-09,0.8820000000000007,3.382225146676758e-09,0.8820000000000007,3.298343841130223e-09,0.8820000000000007,3.210679204744661e-09,0.8820000000000007,3.122205184562298e-09,0.8820000000000007,3.035751876390699e-09,0.8820000000000007,2.95421853687449e-09,0.8820000000000007,2.881084474390278e-09,0.8820000000000007,2.821474606720072e-09,0.8820000000000007,2.784336631647154e-09,0.8820000000000007,2.786875079196831e-09,0.8820000000000007,2.863590021716207e-09,0.8820000000000007,3.084728588178317e-09,0.8820000000000007,3.593968036661517e-09,0.8820000000000007,4.685331683446198e-09,0.8820000000000007,6.959987314821985e-09,0.8820000000000007,1.164539276184933e-08,0.8820000000000007,2.124373936622313e-08,0.8820000000000007,4.084697237549872e-08,0.8820000000000007,8.079810468880445e-08,0.8820000000000007,1.620645087473722e-07
0.9,3.811365514694791e-09,0.9,3.728062427571327e-09,0.9,3.637144105786135e-09,0.9,3.541886509347885e-09,0.9,3.445380555265944e-09,0.9,3.350470408135671e-09,0.9,3.259871706929566e-09,0.9,3.176492132989121e-09,0.9,3.104110801162605e-09,0.9,3.048761043137095e-09,0.9,3.021531142447311e-09,0.9,3.044249098061537e-09,0.9,3.161058856913889e-09,0.9,3.462046990860294e-09,0.9,4.131476146988942e-09,0.9,5.546185321279803e-09,0.9,8.476061958946905e-09,0.9,1.449182181233984e-08,0.9,2.679301711926843e-08,0.9,5.188616045092564e-08,0.9,1.029786858144078e-07
